,Country,Confirmed,Deaths,Recovered,Active
0,Afghanistan,89861,3527,61410.0,24924.0
1,Albania,132459,2453,129842.0,164.0
2,Algeria,133388,3571,92852.0,36965.0
3,Andorra,13813,127,13591.0,95.0
4,Angola,36705,831,30282.0,5592.0
5,Antigua and Barbuda,1263,42,1214.0,7.0
6,Argentina,4124190,85343,3721350.0,317497.0
7,Armenia,223682,4484,215195.0,4003.0
8,Australia,124,3,121.0,0.0
9,Australia,5619,54,0.0,5565.0
10,Australia,175,0,172.0,3.0
11,Australia,1652,7,1603.0,42.0
12,Australia,775,4,768.0,3.0
13,Australia,234,13,221.0,0.0
14,Australia,20665,820,19782.0,63.0
15,Australia,1018,9,1009.0,0.0
16,Austria,648620,10661,633939.0,4020.0
17,Azerbaijan,335171,4953,328580.0,1638.0
18,Bahamas,12092,236,11081.0,775.0
19,Bahrain,258731,1221,244579.0,12931.0
20,Bangladesh,826922,13118,766266.0,47538.0
21,Barbados,4036,47,3971.0,18.0
22,Belarus,405663,2978,398742.0,3943.0
23,Belgium,140155,0,0.0,140155.0
24,Belgium,132336,0,0.0,132336.0
25,Belgium,123303,0,0.0,123303.0
26,Belgium,81898,0,0.0,81898.0
27,Belgium,158722,0,0.0,158722.0
28,Belgium,129833,0,0.0,129833.0
29,Belgium,60700,0,0.0,60700.0
30,Belgium,31148,0,0.0,31148.0
31,Belgium,59087,0,0.0,59087.0
32,Belgium,20662,25088,0.0,-4426.0
33,Belgium,41389,0,0.0,41389.0
34,Belgium,97105,0,0.0,97105.0
35,Belize,12938,325,12463.0,150.0
36,Benin,8109,102,7979.0,28.0
37,Bhutan,1813,1,1467.0,345.0
38,Bolivia,406954,15542,321665.0,69747.0
39,Bosnia and Herzegovina,204597,9479,177122.0,17996.0
40,Botswana,59480,896,55617.0,2967.0
41,Brazil,84174,1712,78886.0,3576.0
42,Brazil,203226,5002,193222.0,5002.0
43,Brazil,113940,1762,89782.0,22396.0
44,Brazil,393492,13140,337529.0,42823.0
45,Brazil,1064747,22513,1028604.0,13630.0
46,Brazil,841280,21379,588565.0,231336.0
47,Brazil,417279,8955,398721.0,9603.0
48,Brazil,498495,11143,471639.0,15713.0
49,Brazil,638281,17953,608666.0,11662.0
50,Brazil,301238,8544,263493.0,29201.0
51,Brazil,425486,11223,401968.0,12295.0
52,Brazil,313530,7477,286440.0,19613.0
53,Brazil,1683100,43124,1545235.0,94741.0
54,Brazil,533944,14959,498695.0,20290.0
55,Brazil,358860,8128,236555.0,114177.0
56,Brazil,1149679,28135,804907.0,316637.0
57,Brazil,519577,16828,432119.0,70630.0
58,Brazil,284782,6222,277980.0,580.0
59,Brazil,282824,6452,150649.0,125723.0
60,Brazil,1148734,29672,1098059.0,21003.0
61,Brazil,905821,52998,842522.0,10301.0
62,Brazil,238112,5916,224353.0,7843.0
63,Brazil,107570,1679,101156.0,4735.0
64,Brazil,1006090,15964,966868.0,23258.0
65,Brazil,3458849,118121,3075383.0,265345.0
66,Brazil,251851,5381,230141.0,16329.0
67,Brazil,187805,3019,168032.0,16754.0
68,Brunei,248,3,239.0,6.0
69,Bulgaria,420336,17900,389495.0,12941.0
70,Burkina Faso,13459,167,13272.0,20.0
71,Burma,145603,3244,132928.0,9431.0
72,Burundi,5013,8,773.0,4232.0
73,Cabo Verde,31571,273,30316.0,982.0
74,Cambodia,38427,335,31858.0,6234.0
75,Cameroon,80090,1310,35261.0,43519.0
76,Canada,230463,2270,225013.0,3180.0
77,Canada,146176,1730,142526.0,1920.0
78,Canada,0,1,0.0,
79,Canada,13,0,13.0,0.0
80,Canada,54357,1100,49952.0,3305.0
81,Canada,2298,45,2155.0,98.0
82,Canada,1375,7,1329.0,39.0
83,Canada,128,0,128.0,0.0
84,Canada,5742,89,5513.0,140.0
85,Canada,657,4,644.0,9.0
86,Canada,547034,8920,532339.0,5775.0
87,Canada,206,0,202.0,4.0
88,Canada,372989,11172,359981.0,1836.0
89,Canada,13,0,13.0,0.0
90,Canada,47941,555,46577.0,809.0
91,Canada,104,2,84.0,18.0
92,Central African Republic,7101,98,6859.0,144.0
93,Chad,4942,174,4767.0,1.0
94,Chile,55347,1079,53221.0,1047.0
95,Chile,87763,1136,84325.0,2302.0
96,Chile,23834,462,22739.0,633.0
97,Chile,22913,257,21899.0,757.0
98,Chile,6888,47,6397.0,444.0
99,Chile,137192,2200,131480.0,3512.0
100,Chile,41278,748,38872.0,1658.0
101,Chile,81392,1113,78530.0,1749.0
102,Chile,42131,487,39959.0,1685.0
103,Chile,28350,427,27648.0,275.0
104,Chile,90541,1429,86051.0,3061.0
105,Chile,620026,16098,582471.0,21457.0
106,Chile,32277,536,30732.0,1009.0
107,Chile,61876,1243,58280.0,2353.0
108,Chile,37884,702,36623.0,559.0
109,Chile,52,0,52.0,0.0
110,Chile,106729,2743,99908.0,4078.0
111,China,1004,6,998.0,0.0
112,China,1070,9,1048.0,13.0
113,China,598,6,589.0,3.0
114,China,637,1,599.0,37.0
115,China,194,2,192.0,0.0
116,China,2625,8,2423.0,194.0
117,China,275,2,270.0,3.0
118,China,147,2,145.0,0.0
119,China,188,6,181.0,1.0
120,China,1317,7,1310.0,0.0
121,China,1612,13,1599.0,0.0
122,China,1316,22,1291.0,3.0
123,China,11877,210,11598.0,69.0
124,China,68159,4512,63647.0,0.0
125,China,1051,4,1045.0,2.0
126,China,393,1,385.0,7.0
127,China,736,0,721.0,15.0
128,China,937,1,936.0,0.0
129,China,573,3,570.0,0.0
130,China,426,2,421.0,3.0
131,China,52,0,51.0,1.0
132,China,76,0,75.0,1.0
133,China,18,0,18.0,0.0
134,China,622,3,602.0,17.0
135,China,883,7,875.0,1.0
136,China,2160,7,2082.0,71.0
137,China,253,0,252.0,1.0
138,China,1054,3,1015.0,36.0
139,China,398,3,385.0,10.0
140,China,1,0,1.0,0.0
141,China,0,0,7.0,-7.0
142,China,980,3,977.0,0.0
143,China,376,2,348.0,26.0
144,China,1372,1,1337.0,34.0
145,Colombia,6366,242,6086.0,38.0
146,Colombia,578317,12742,543848.0,21727.0
147,Colombia,8858,263,8189.0,406.0
148,Colombia,280382,8708,268161.0,3513.0
149,Colombia,115359,2218,110969.0,2172.0
150,Colombia,75662,1764,70800.0,3098.0
151,Colombia,78296,1605,74113.0,2578.0
152,Colombia,1079120,20675,983380.0,75065.0
153,Colombia,18815,700,17831.0,284.0
154,Colombia,24409,582,22524.0,1303.0
155,Colombia,36490,990,34451.0,1049.0
156,Colombia,73417,2007,69606.0,1804.0
157,Colombia,12791,316,12169.0,306.0
158,Colombia,69241,2705,64247.0,2289.0
159,Colombia,188243,4942,176914.0,6387.0
160,Colombia,1899,22,1841.0,36.0
161,Colombia,3546,60,3382.0,104.0
162,Colombia,63204,2166,59163.0,1875.0
163,Colombia,37707,1192,36057.0,458.0
164,Colombia,74450,2800,70179.0,1471.0
165,Colombia,59565,1390,56461.0,1714.0
166,Colombia,69364,2308,64616.0,2440.0
167,Colombia,66312,3235,61091.0,1986.0
168,Colombia,12576,530,11732.0,314.0
169,Colombia,45650,1374,43577.0,699.0
170,Colombia,67060,1661,63529.0,1870.0
171,Colombia,5982,116,5782.0,84.0
172,Colombia,157266,5132,145230.0,6904.0
173,Colombia,40754,1240,38196.0,1318.0
174,Colombia,80676,2615,76633.0,1428.0
175,Colombia,28519,264,1.0,28254.0
176,Colombia,289148,9167,273271.0,6710.0
177,Colombia,1620,14,1576.0,30.0
178,Colombia,2160,33,2051.0,76.0
179,Comoros,3899,146,3736.0,17.0
180,Congo (Brazzaville),12121,160,11211.0,750.0
181,Congo (Kinshasa),35228,834,27825.0,6569.0
182,Costa Rica,339900,4322,261195.0,74383.0
183,Cote d'Ivoire,47662,306,47178.0,178.0
184,Croatia,358563,8132,349244.0,1187.0
185,Cuba,157708,1087,149759.0,6862.0
186,Cyprus,73190,373,39061.0,33756.0
187,Czechia,1665097,30225,1629379.0,5493.0
188,Denmark,756,1,727.0,28.0
189,Denmark,44,0,40.0,4.0
190,Denmark,289874,2525,278256.0,9093.0
191,Diamond Princess,712,13,699.0,0.0
192,Djibouti,11572,154,11401.0,17.0
193,Dominica,189,0,188.0,1.0
194,Dominican Republic,308650,3707,251689.0,53254.0
195,Ecuador,438934,21048,398645.0,19241.0
196,Egypt,273182,15623,201038.0,56521.0
197,El Salvador,75351,2295,70150.0,2906.0
198,Equatorial Guinea,8650,120,8413.0,117.0
199,Eritrea,4848,16,4278.0,554.0
200,Estonia,130510,1266,125753.0,3491.0
201,Eswatini,18736,676,17949.0,111.0
202,Ethiopia,274187,4242,250664.0,19281.0
203,Fiji,1118,4,312.0,802.0
204,Finland,93821,964,46000.0,46857.0
205,France,25506,133,9995.0,15378.0
206,France,18930,142,18749.0,39.0
207,France,17288,265,2250.0,14773.0
208,France,12130,99,98.0,11933.0
209,France,19373,173,2964.0,16236.0
210,France,128,0,58.0,70.0
211,France,27235,212,25088.0,1935.0
212,France,1005,1,462.0,542.0
213,France,25,0,25.0,0.0
214,France,2040,12,1399.0,629.0
215,France,445,7,438.0,0.0
216,France,5678209,109509,337668.0,5231032.0
217,Gabon,24736,156,23741.0,839.0
218,Gambia,6008,180,5813.0,15.0
219,Georgia,353965,5048,339392.0,9525.0
220,Germany,498250,10076,481400.0,6774.0
221,Germany,645161,15100,623800.0,6261.0
222,Germany,179693,3517,174900.0,1276.0
223,Germany,108654,3756,104000.0,898.0
224,Germany,27345,478,26540.0,327.0
225,Germany,76885,1580,74100.0,1205.0
226,Germany,289516,7436,277000.0,5080.0
227,Germany,44071,1145,42800.0,126.0
228,Germany,260235,5701,252800.0,1734.0
229,Germany,813347,16983,784100.0,12264.0
230,Germany,154492,3783,149100.0,1609.0
231,Germany,41268,1017,39800.0,451.0
232,Germany,285449,9974,271900.0,3575.0
233,Germany,99123,3403,94400.0,1320.0
234,Germany,63638,1614,61300.0,724.0
235,Germany,128489,4286,123400.0,803.0
236,Germany,7679,0,0.0,7679.0
237,Ghana,94493,789,92589.0,1115.0
238,Greece,414933,12419,93764.0,308750.0
239,Grenada,161,1,160.0,0.0
240,Guatemala,271703,8455,246426.0,16822.0
241,Guinea,23398,167,21488.0,1743.0
242,Guinea-Bissau,3803,69,3548.0,186.0
243,Guyana,18386,426,16280.0,1680.0
244,Haiti,16079,346,12560.0,3173.0
245,Holy See,27,0,27.0,0.0
246,Honduras,247728,6631,88164.0,152933.0
247,Hungary,806790,29904,724614.0,52272.0
248,Iceland,6555,29,6476.0,50.0
249,India,7261,126,7025.0,110.0
250,India,1809844,11940,1712267.0,85637.0
251,India,31282,145,28252.0,2885.0
252,India,459497,3951,414173.0,41373.0
253,India,717215,9492,702411.0,5312.0
254,India,61110,792,59798.0,520.0
255,India,986963,13317,959969.0,13677.0
256,India,10463,4,10381.0,78.0
257,India,1431139,24823,1402850.0,3466.0
258,India,162468,2928,154658.0,4882.0
259,India,820321,9997,800075.0,10249.0
260,India,765861,8992,752208.0,4661.0
261,India,198550,3391,190382.0,4777.0
262,India,307412,4186,288145.0,15081.0
263,India,343458,5084,334979.0,3395.0
264,India,2765134,32913,2551365.0,180856.0
265,India,2728239,11181,2593625.0,123433.0
266,India,19561,197,18706.0,658.0
267,India,9209,44,8589.0,576.0
268,India,788183,8552,775380.0,4251.0
269,India,5908992,111104,5639271.0,158617.0
270,India,59852,974,50379.0,8499.0
271,India,41906,733,36550.0,4623.0
272,India,15364,67,11748.0,3549.0
273,India,23644,453,19689.0,3502.0
274,India,851782,3302,796799.0,51681.0
275,India,112528,1684,105513.0,5331.0
276,India,587903,15562,559360.0,12981.0
277,India,949684,8822,933421.0,7441.0
278,India,18414,281,14580.0,3553.0
279,India,2353721,29547,2174247.0,149927.0
280,India,603369,3484,578748.0,21137.0
281,India,59321,620,53531.0,5170.0
282,India,0,0,0.0,0.0
283,India,1702624,21786,1671852.0,8986.0
284,India,336879,6935,325311.0,4633.0
285,India,1461257,16896,1426710.0,17651.0
286,Indonesia,1911358,52879,1745091.0,113388.0
287,Iran,3028717,82098,2652792.0,293827.0
288,Iraq,1254643,16705,1172227.0,65711.0
289,Ireland,266804,4941,23364.0,238499.0
290,Israel,839666,6430,832931.0,305.0
291,Italy,74464,2502,70433.0,1529.0
292,Italy,26688,585,23124.0,2979.0
293,Italy,68232,1208,58929.0,8095.0
294,Italy,422539,7337,355124.0,60078.0
295,Italy,385684,13233,364106.0,8345.0
296,Italy,107369,3794,98986.0,4589.0
297,Italy,344407,8262,329976.0,6169.0
298,Italy,103051,4342,98270.0,439.0
299,Italy,839475,33726,787358.0,18391.0
300,Italy,103411,3025,97587.0,2799.0
301,Italy,13632,491,13059.0,82.0
302,Italy,73193,1180,71610.0,403.0
303,Italy,45687,1360,44081.0,246.0
304,Italy,362146,11675,347802.0,2669.0
305,Italy,252233,6588,232428.0,13217.0
306,Italy,57008,1484,43473.0,12051.0
307,Italy,229340,5905,216713.0,6722.0
308,Italy,243375,6816,232101.0,4458.0
309,Italy,56667,1417,54213.0,1037.0
310,Italy,11656,472,11089.0,95.0
311,Italy,424615,11600,407095.0,5920.0
312,Jamaica,49277,997,27542.0,20738.0
313,Japan,49932,871,45710.0,3351.0
314,Japan,763,19,727.0,17.0
315,Japan,2448,29,2328.0,91.0
316,Japan,38360,693,36647.0,1020.0
317,Japan,2740,74,2641.0,25.0
318,Japan,1064,34,1011.0,19.0
319,Japan,35010,495,32584.0,1931.0
320,Japan,4714,152,4428.0,134.0
321,Japan,9085,174,8705.0,206.0
322,Japan,7985,149,7675.0,161.0
323,Japan,11234,154,10548.0,532.0
324,Japan,40466,1288,34653.0,4525.0
325,Japan,40657,1254,38441.0,962.0
326,Japan,10145,157,9635.0,353.0
327,Japan,3880,113,3633.0,134.0
328,Japan,1590,46,1414.0,130.0
329,Japan,2065,26,1978.0,61.0
330,Japan,3526,35,3364.0,127.0
331,Japan,64258,921,61328.0,2009.0
332,Japan,1664,21,1504.0,139.0
333,Japan,6416,111,6100.0,205.0
334,Japan,16355,227,15645.0,483.0
335,Japan,5144,109,4942.0,93.0
336,Japan,9076,84,8791.0,201.0
337,Japan,3053,26,2983.0,44.0
338,Japan,4933,88,4785.0,60.0
339,Japan,3066,68,2837.0,161.0
340,Japan,7968,122,7784.0,62.0
341,Japan,3367,45,3157.0,165.0
342,Japan,3467,59,3316.0,92.0
343,Japan,7550,120,7125.0,305.0
344,Japan,19566,160,16985.0,2421.0
345,Japan,101778,2526,92651.0,6601.0
346,Japan,3028,4,2953.0,71.0
347,Japan,2552,24,2505.0,23.0
348,Japan,45090,818,43051.0,1221.0
349,Japan,5410,84,5024.0,302.0
350,Japan,562,0,533.0,29.0
351,Japan,8870,142,8246.0,482.0
352,Japan,6682,80,6322.0,280.0
353,Japan,1646,62,1561.0,23.0
354,Japan,166437,2140,160244.0,4053.0
355,Japan,467,2,449.0,16.0
356,Japan,1967,37,1843.0,87.0
357,Japan,8,0,8.0,0.0
358,Japan,2653,44,2523.0,86.0
359,Japan,2016,47,1903.0,66.0
360,Japan,3067,69,2817.0,181.0
361,Japan,1844,20,1537.0,287.0
362,Jordan,739847,9530,726219.0,4098.0
363,Kazakhstan,457474,3491,428494.0,25489.0
364,Kenya,175337,3410,120208.0,51719.0
365,Kiribati,2,0,0.0,2.0
366,"Korea, South",148273,1988,139022.0,7263.0
367,Kosovo,107170,2255,104678.0,237.0
368,Kuwait,327963,1820,310095.0,16048.0
369,Kyrgyzstan,110370,1890,102633.0,5847.0
370,Laos,1996,3,1862.0,131.0
371,Latvia,136030,2456,130728.0,2846.0
372,Lebanon,542375,7790,526598.0,7987.0
373,Lesotho,10921,326,6443.0,4152.0
374,Liberia,2535,93,2094.0,348.0
375,Libya,189059,3161,174666.0,11232.0
376,Liechtenstein,3026,59,2948.0,19.0
377,Lithuania,277746,4339,263362.0,10045.0
378,Luxembourg,70406,818,68943.0,645.0
379,MS Zaandam,9,2,7.0,0.0
380,Madagascar,41933,887,40239.0,807.0
381,Malawi,34485,1159,32725.0,601.0
382,Malaysia,657508,3908,580276.0,73324.0
383,Maldives,70301,197,60769.0,9335.0
384,Mali,14350,523,9959.0,3868.0
385,Malta,30581,419,30103.0,59.0
386,Marshall Islands,4,0,4.0,0.0
387,Mauritania,20073,475,19142.0,456.0
388,Mauritius,1673,18,1247.0,408.0
389,Mexico,26649,2446,0.0,24203.0
390,Mexico,49997,8617,0.0,41380.0
391,Mexico,34180,1461,0.0,32719.0
392,Mexico,10674,1243,0.0,9431.0
393,Mexico,11827,1647,0.0,10180.0
394,Mexico,57224,7450,0.0,49774.0
395,Mexico,667881,34375,0.0,633506.0
396,Mexico,69220,6365,0.0,62855.0
397,Mexico,12115,1204,0.0,10911.0
398,Mexico,34458,2489,0.0,31969.0
399,Mexico,132420,11040,0.0,121380.0
400,Mexico,41461,4520,0.0,36941.0
401,Mexico,39243,6258,0.0,32985.0
402,Mexico,87778,12541,0.0,75237.0
403,Mexico,254725,37136,0.0,217589.0
404,Mexico,48973,5910,0.0,43063.0
405,Mexico,34051,3515,0.0,30536.0
406,Mexico,12396,1860,0.0,10536.0
407,Mexico,125369,9643,0.0,115726.0
408,Mexico,47682,3808,0.0,43874.0
409,Mexico,85692,12106,0.0,73586.0
410,Mexico,69420,4446,0.0,64974.0
411,Mexico,29450,2888,0.0,26562.0
412,Mexico,64774,5421,0.0,59353.0
413,Mexico,40237,6343,0.0,33894.0
414,Mexico,76690,6709,0.0,69981.0
415,Mexico,71479,4214,0.0,67265.0
416,Mexico,61644,5110,0.0,56534.0
417,Mexico,20084,2517,0.0,17567.0
418,Mexico,0,0,1954251.0,-1954251.0
419,Mexico,62812,10007,0.0,52805.0
420,Mexico,42671,4037,0.0,38634.0
421,Mexico,30900,2824,0.0,28076.0
422,Micronesia,1,0,1.0,0.0
423,Moldova,255797,6154,248671.0,972.0
424,Monaco,2525,33,2473.0,19.0
425,Mongolia,76084,365,56947.0,18772.0
426,Montenegro,99956,1601,97930.0,425.0
427,Morocco,523890,9211,511126.0,3553.0
428,Mozambique,71538,841,69881.0,816.0
429,Namibia,65089,995,54535.0,9559.0
430,Nepal,608472,8412,531105.0,68955.0
431,Netherlands,11080,107,10953.0,20.0
432,Netherlands,1619,17,1598.0,4.0
433,Netherlands,12295,123,12140.0,32.0
434,Netherlands,34141,353,0.0,33788.0
435,Netherlands,36819,244,0.0,36575.0
436,Netherlands,43610,476,0.0,43134.0
437,Netherlands,187406,2025,0.0,185381.0
438,Netherlands,39107,263,0.0,38844.0
439,Netherlands,115073,1649,0.0,113424.0
440,Netherlands,271261,3134,0.0,268127.0
441,Netherlands,276023,2619,0.0,273404.0
442,Netherlands,109557,1135,0.0,108422.0
443,Netherlands,2522,31,2419.0,72.0
444,Netherlands,3814,15,0.0,3799.0
445,Netherlands,127625,1280,0.0,126345.0
446,Netherlands,29568,248,0.0,29320.0
447,Netherlands,398740,4270,0.0,394470.0
448,New Zealand,2709,26,2656.0,27.0
449,Nicaragua,7662,188,4225.0,3249.0
450,Niger,5446,192,5161.0,93.0
451,Nigeria,167066,2117,163463.0,1486.0
452,North Macedonia,155536,5471,149628.0,437.0
453,Norway,128046,789,17998.0,109259.0
454,Oman,234634,2513,210952.0,21169.0
455,Pakistan,19783,566,18676.0,541.0
456,Pakistan,26232,294,24909.0,1029.0
457,Pakistan,5712,108,5503.0,101.0
458,Pakistan,82139,772,79710.0,1657.0
459,Pakistan,136074,4224,128242.0,3608.0
460,Pakistan,344065,10516,322254.0,11295.0
461,Pakistan,328184,5243,299446.0,23495.0
462,Panama,387842,6444,371984.0,9414.0
463,Papua New Guinea,16682,165,16017.0,500.0
464,Paraguay,391436,10834,324961.0,55641.0
465,Peru,29164,1128,0.0,28036.0
466,Peru,71191,6312,0.0,64879.0
467,Peru,23678,1381,0.0,22297.0
468,Peru,90460,8002,0.0,82458.0
469,Peru,29651,1916,0.0,27735.0
470,Peru,60140,3806,0.0,56334.0
471,Peru,96102,9627,0.0,86475.0
472,Peru,64765,4294,0.0,60471.0
473,Peru,14968,1085,0.0,13883.0
474,Peru,32978,2522,0.0,30456.0
475,Peru,53598,7739,0.0,45859.0
476,Peru,75366,6423,0.0,68943.0
477,Peru,80554,9671,0.0,70883.0
478,Peru,56387,7996,0.0,48391.0
479,Peru,892420,85263,0.0,807157.0
480,Peru,40452,3998,0.0,36454.0
481,Peru,13412,738,0.0,12674.0
482,Peru,25239,1350,0.0,23889.0
483,Peru,14478,953,0.0,13525.0
484,Peru,80114,11338,0.0,68776.0
485,Peru,33469,3510,0.0,29959.0
486,Peru,44834,2816,0.0,42018.0
487,Peru,26295,1766,0.0,24529.0
488,Peru,16916,1486,0.0,15430.0
489,Peru,31425,2980,0.0,28445.0
490,Peru,5569,608,1962124.0,-1957163.0
491,Philippines,1315639,22788,1232986.0,59865.0
492,Poland,2877469,74573,2648504.0,154392.0
493,Portugal,857447,17047,815342.0,25058.0
494,Qatar,219730,577,216944.0,2209.0
495,Romania,1079726,31834,1044237.0,3655.0
496,Russia,14782,216,14268.0,298.0
497,Russia,52410,2362,47075.0,2973.0
498,Russia,17320,247,16806.0,267.0
499,Russia,23045,296,22389.0,360.0
500,Russia,64715,1008,62086.0,1621.0
501,Russia,34804,805,33505.0,494.0
502,Russia,39378,540,37349.0,1489.0
503,Russia,39579,716,37425.0,1438.0
504,Russia,41359,376,40366.0,617.0
505,Russia,39924,951,38607.0,366.0
506,Russia,12426,140,12161.0,125.0
507,Russia,62944,1713,59006.0,2225.0
508,Russia,777,8,743.0,26.0
509,Russia,26386,1472,24157.0,757.0
510,Russia,34256,1505,31686.0,1065.0
511,Russia,15920,190,15564.0,166.0
512,Russia,71326,2541,68213.0,572.0
513,Russia,37037,1242,35051.0,744.0
514,Russia,4552,144,4334.0,74.0
515,Russia,24500,478,23770.0,252.0
516,Russia,34384,516,33230.0,638.0
517,Russia,21049,390,20377.0,282.0
518,Russia,36319,349,34721.0,1249.0
519,Russia,14826,238,14087.0,501.0
520,Russia,20605,159,20255.0,191.0
521,Russia,48044,581,46334.0,1129.0
522,Russia,37783,748,36492.0,543.0
523,Russia,53309,435,51128.0,1746.0
524,Russia,23593,563,22509.0,521.0
525,Russia,58275,801,56788.0,686.0
526,Russia,44811,375,42321.0,2115.0
527,Russia,44635,968,43531.0,136.0
528,Russia,21976,498,19232.0,2246.0
529,Russia,49701,3175,44447.0,2079.0
530,Russia,74810,3826,68706.0,2278.0
531,Russia,21771,431,20813.0,527.0
532,Russia,39251,866,37630.0,755.0
533,Russia,46455,1586,43497.0,1372.0
534,Russia,32390,811,29444.0,2135.0
535,Russia,8527,112,8317.0,98.0
536,Russia,13805,264,13303.0,238.0
537,Russia,21337,300,19012.0,2025.0
538,Russia,1234717,20907,1093738.0,120072.0
539,Russia,281621,6267,232459.0,42895.0
540,Russia,52039,1243,48617.0,2179.0
541,Russia,1127,4,1106.0,17.0
542,Russia,120242,3837,114049.0,2356.0
543,Russia,17113,222,16440.0,451.0
544,Russia,31433,182,30612.0,639.0
545,Russia,44477,1943,40185.0,2349.0
546,Russia,48399,1453,45999.0,947.0
547,Russia,36251,695,34442.0,1114.0
548,Russia,45138,1036,41698.0,2404.0
549,Russia,48223,880,45186.0,2157.0
550,Russia,58721,2540,53121.0,3060.0
551,Russia,45061,739,41874.0,2448.0
552,Russia,38323,432,32892.0,4999.0
553,Russia,96246,4571,87817.0,3858.0
554,Russia,29915,562,28392.0,961.0
555,Russia,450730,14898,420356.0,15476.0
556,Russia,39768,715,36113.0,2940.0
557,Russia,23486,55,22792.0,639.0
558,Russia,65633,2099,62639.0,895.0
559,Russia,64153,1174,61221.0,1758.0
560,Russia,32137,1061,30274.0,802.0
561,Russia,55602,1579,52810.0,1213.0
562,Russia,90704,3585,84601.0,2518.0
563,Russia,33618,566,31963.0,1089.0
564,Russia,21878,514,19311.0,2053.0
565,Russia,33281,447,31921.0,913.0
566,Russia,40854,2109,38261.0,484.0
567,Russia,43185,1118,40508.0,1559.0
568,Russia,37484,621,35938.0,925.0
569,Russia,16038,203,15738.0,97.0
570,Russia,34637,993,31543.0,2101.0
571,Russia,57036,1501,54502.0,1033.0
572,Russia,34171,1230,31807.0,1134.0
573,Russia,60936,1417,58083.0,1436.0
574,Russia,46710,1125,43492.0,2093.0
575,Russia,86857,3096,82239.0,1522.0
576,Russia,39390,422,38304.0,664.0
577,Russia,42086,645,39983.0,1458.0
578,Russia,43983,686,41995.0,1302.0
579,Rwanda,28373,370,26341.0,1662.0
580,Saint Kitts and Nevis,155,0,61.0,94.0
581,Saint Lucia,5179,80,4984.0,115.0
582,Saint Vincent and the Grenadines,2156,12,1898.0,246.0
583,Samoa,3,0,3.0,0.0
584,San Marino,5090,90,4998.0,2.0
585,Sao Tome and Principe,2358,37,2307.0,14.0
586,Saudi Arabia,465797,7572,448093.0,10132.0
587,Senegal,41998,1154,40536.0,308.0
588,Serbia,714891,6962,0.0,707929.0
589,Seychelles,12973,46,11634.0,1293.0
590,Sierra Leone,4388,82,3181.0,1125.0
591,Singapore,62276,34,61869.0,373.0
592,Slovakia,391026,12439,255300.0,123287.0
593,Slovenia,256443,4404,249232.0,2807.0
594,Solomon Islands,20,0,20.0,0.0
595,Somalia,14817,774,7043.0,7000.0
596,South Africa,1747082,57765,1606581.0,82736.0
597,South Sudan,10688,115,10514.0,59.0
598,Spain,598947,9975,10671.0,578301.0
599,Spain,125490,3530,3772.0,118188.0
600,Spain,52979,1972,1063.0,49944.0
601,Spain,60884,840,1533.0,58511.0
602,Spain,396689,7404,9970.0,379315.0
603,Spain,57808,781,1537.0,55490.0
604,Spain,30588,566,2287.0,27735.0
605,Spain,194727,5977,6392.0,182358.0
606,Spain,233366,6904,8716.0,217746.0
607,Spain,629718,14691,26203.0,588824.0
608,Spain,5957,116,163.0,5678.0
609,Spain,76421,1805,2652.0,71964.0
610,Spain,127925,2415,9204.0,116306.0
611,Spain,31409,775,3107.0,27527.0
612,Spain,723206,15378,40736.0,667092.0
613,Spain,9201,97,125.0,8979.0
614,Spain,113680,1604,2180.0,109896.0
615,Spain,63087,1178,3905.0,58004.0
616,Spain,201518,4493,16160.0,180865.0
617,Spain,0,0,0.0,0.0
618,Sri Lanka,223638,2136,188547.0,32955.0
619,Sudan,36203,2732,29994.0,3477.0
620,Suriname,18372,404,13927.0,4041.0
621,Sweden,12723,129,0.0,12594.0
622,Sweden,26901,343,0.0,26558.0
623,Sweden,35802,560,0.0,35242.0
624,Sweden,3985,51,0.0,3934.0
625,Sweden,40715,319,0.0,40396.0
626,Sweden,12493,121,0.0,12372.0
627,Sweden,43205,554,0.0,42651.0
628,Sweden,24110,245,0.0,23865.0
629,Sweden,22123,318,0.0,21805.0
630,Sweden,25706,270,0.0,25436.0
631,Sweden,32018,342,0.0,31676.0
632,Sweden,42186,633,0.0,41553.0
633,Sweden,155456,1749,0.0,153707.0
634,Sweden,25752,467,0.0,25285.0
635,Sweden,253770,4353,0.0,249417.0
636,Sweden,40286,538,0.0,39748.0
637,Sweden,19347,212,0.0,19135.0
638,Sweden,23270,181,0.0,23089.0
639,Sweden,26783,474,0.0,26309.0
640,Sweden,27444,348,0.0,27096.0
641,Sweden,189381,2367,0.0,187014.0
642,Switzerland,700051,10859,317600.0,371592.0
643,Syria,24814,1810,21675.0,1329.0
644,Taiwan*,12921,437,1133.0,11351.0
645,Tajikistan,13308,90,13218.0,0.0
646,Tanzania,509,21,183.0,305.0
647,Thailand,195909,1449,26873.0,167587.0
648,Timor-Leste,8285,18,6731.0,1536.0
649,Togo,13627,126,13305.0,196.0
650,Trinidad and Tobago,28723,670,18804.0,9249.0
651,Tunisia,368908,13515,321485.0,33908.0
652,Turkey,5330447,48721,5202251.0,79475.0
653,US,7215,113,,
654,US,21774,313,,
655,US,2345,59,,
656,US,2673,64,,
657,US,6925,139,,
658,US,1242,42,,
659,US,2233,71,,
660,US,14692,325,,
661,US,3715,123,,
662,US,1872,45,,
663,US,4461,116,,
664,US,617,25,,
665,US,3528,61,,
666,US,1595,59,,
667,US,1525,43,,
668,US,5616,126,,
669,US,6394,139,,
670,US,1129,30,,
671,US,1111,29,,
672,US,4263,122,,
673,US,1550,57,,
674,US,9921,200,,
675,US,4928,114,,
676,US,3604,156,,
677,US,8955,189,,
678,US,10295,212,,
679,US,4002,80,,
680,US,14132,361,,
681,US,2171,62,,
682,US,4306,83,,
683,US,2569,81,,
684,US,934,34,,
685,US,2265,78,,
686,US,1938,43,,
687,US,10748,287,,
688,US,6900,113,,
689,US,80802,1563,,
690,US,1458,37,,
691,US,9582,248,,
692,US,3121,100,,
693,US,16234,175,,
694,US,10180,157,,
695,US,1419,53,,
696,US,1630,51,,
697,US,35600,522,,
698,US,2505,65,,
699,US,3231,106,,
700,US,12443,230,,
701,US,41925,826,,
702,US,1791,41,,
703,US,25067,610,,
704,US,14614,285,,
705,US,0,0,,
706,US,1087,26,,
707,US,2365,62,,
708,US,3139,78,,
709,US,1868,44,,
710,US,4544,41,,
711,US,25554,254,,
712,US,10146,250,,
713,US,1057,32,,
714,US,8441,184,,
715,US,4117,154,,
716,US,26136,458,,
717,US,0,0,,
718,US,7318,279,,
719,US,1703,39,,
720,US,1270,30,,
721,US,2833,72,,
722,US,369,3,,
723,US,712,1,,
724,US,30916,179,,
725,US,3910,22,,
726,US,0,0,,
727,US,202,0,,
728,US,437,3,,
729,US,248,0,,
730,US,112,0,,
731,US,232,2,,
732,US,8060,44,,
733,US,31,0,,
734,US,1484,5,,
735,US,4599,22,,
736,US,670,2,,
737,US,1127,6,,
738,US,1320,4,,
739,US,11806,59,,
740,US,387,0,,
741,US,1088,4,,
742,US,623,2,,
743,US,174,1,,
744,US,175,1,,
745,US,373,2,,
746,US,21,0,,
747,US,764,5,,
748,US,292,0,,
749,US,0,0,,
750,US,63,0,,
751,US,89,2,,
752,US,368,4,,
753,US,11449,433,,
754,US,12116,292,,
755,US,17909,330,,
756,US,7014,229,,
757,US,5598,84,,
758,US,576,10,,
759,US,2480,80,,
760,US,554636,10157,,
761,US,23308,744,,
762,US,16495,544,,
763,US,0,0,,
764,US,116980,2416,,
765,US,53434,905,,
766,US,8061,180,,
767,US,0,0,,
768,US,19421,519,,
769,US,37275,845,,
770,US,2157,38,,
771,US,2046,35,,
772,US,3234,104,,
773,US,29559,422,,
774,US,3922,80,,
775,US,1445,32,,
776,US,416,3,,
777,US,2829,46,,
778,US,1624,41,,
779,US,2146,41,,
780,US,1794,52,,
781,US,2036,74,,
782,US,975,25,,
783,US,2375,56,,
784,US,2253,33,,
785,US,13689,184,,
786,US,7178,119,,
787,US,6168,97,,
788,US,1975,50,,
789,US,765,15,,
790,US,1372,23,,
791,US,2029,45,,
792,US,12909,164,,
793,US,1708,40,,
794,US,1154,47,,
795,US,10397,263,,
796,US,1725,33,,
797,US,6201,77,,
798,US,2044,20,,
799,US,5235,74,,
800,US,1668,25,,
801,US,3846,124,,
802,US,1693,42,,
803,US,3236,38,,
804,US,9049,170,,
805,US,2954,38,,
806,US,556,9,,
807,US,2139,43,,
808,US,1703,37,,
809,US,3220,48,,
810,US,1259,42,,
811,US,2266,25,,
812,US,7568,123,,
813,US,1470,23,,
814,US,1081,30,,
815,US,4429,38,,
816,US,5913,110,,
817,US,876,17,,
818,US,761,33,,
819,US,847,24,,
820,US,736,26,,
821,US,2385,63,,
822,US,847,10,,
823,US,1865,43,,
824,US,1021,22,,
825,US,3191,77,,
826,US,2021,74,,
827,US,8113,110,,
828,US,912,21,,
829,US,40235,669,,
830,US,2196,47,,
831,US,12306,173,,
832,US,952,14,,
833,US,724,18,,
834,US,15436,284,,
835,US,2820,24,,
836,US,1631,47,,
837,US,3624,44,,
838,US,1016,30,,
839,US,2931,0,,
840,US,4090,115,,
841,US,1368,24,,
842,US,31337,352,,
843,US,8208,122,,
844,US,652,14,,
845,US,3453,66,,
846,US,89340,1285,,
847,US,89,0,,
848,US,3721,47,,
849,US,12576,194,,
850,US,2200,56,,
851,US,2279,18,,
852,US,70276,810,,
853,US,1448,8,,
854,US,10339,116,,
855,US,102783,1720,,
856,US,2425,27,,
857,US,4415,46,,
858,US,28799,741,,
859,US,1434,38,,
860,US,110604,1400,,
861,US,23166,247,,
862,US,3552,45,,
863,US,5775,24,,
864,US,1246129,24434,,
865,US,16586,245,,
866,US,14170,229,,
867,US,461,7,,
868,US,4274,50,,
869,US,32253,474,,
870,US,534,4,,
871,US,1295,4,,
872,US,43791,419,,
873,US,9986,80,,
874,US,4878,75,,
875,US,272650,5103,,
876,US,23345,298,,
877,US,735,6,,
878,US,301312,4618,,
879,US,107199,1718,,
880,US,6095,63,,
881,US,298976,4788,,
882,US,281203,3770,,
883,US,37189,555,,
884,US,74401,1432,,
885,US,21405,261,,
886,US,42604,581,,
887,US,34572,460,,
888,US,119894,2175,,
889,US,16202,208,,
890,US,12580,232,,
891,US,113,0,,
892,US,2386,37,,
893,US,33569,266,,
894,US,30688,323,,
895,US,63190,1068,,
896,US,9614,112,,
897,US,5716,63,,
898,US,416,5,,
899,US,49758,849,,
900,US,4185,69,,
901,US,33,0,,
902,US,81554,1028,,
903,US,14118,212,,
904,US,6448,50,,
905,US,60369,710,,
906,US,1712,36,,
907,US,62182,751,,
908,US,1008,2,,
909,US,319,4,,
910,US,1545,22,,
911,US,23855,235,,
912,US,4948,77,,
913,US,1747,25,,
914,US,130,6,,
915,US,471,3,,
916,US,703,17,,
917,US,249,4,,
918,US,2210,16,,
919,US,219,2,,
920,US,2844,64,,
921,US,73876,834,,
922,US,123,1,,
923,US,30052,245,,
924,US,6341,23,,
925,US,72095,857,,
926,US,1856,13,,
927,US,6505,63,,
928,US,6053,43,,
929,US,277,3,,
930,US,1500,7,,
931,US,1371,6,,
932,US,18,0,,
933,US,431,17,,
934,US,65,0,,
935,US,48497,793,,
936,US,95,3,,
937,US,637,11,,
938,US,4074,41,,
939,US,824,0,,
940,US,27338,245,,
941,US,1159,14,,
942,US,1033,4,,
943,US,4034,68,,
944,US,16486,239,,
945,US,93,1,,
946,US,913,23,,
947,US,2035,25,,
948,US,3661,62,,
949,US,2719,95,,
950,US,2071,67,,
951,US,289,3,,
952,US,0,0,,
953,US,826,5,,
954,US,398,13,,
955,US,2604,4,,
956,US,1271,22,,
957,US,19406,414,,
958,US,589,5,,
959,US,887,16,,
960,US,2266,21,,
961,US,424,5,,
962,US,47,0,,
963,US,910,0,,
964,US,236,3,,
965,US,3742,8,,
966,US,1883,17,,
967,US,73,0,,
968,US,471,13,,
969,US,33063,346,,
970,US,963,17,,
971,US,100257,2201,,
972,US,84269,2431,,
973,US,14631,298,,
974,US,12819,371,,
975,US,92136,2127,,
976,US,22530,450,,
977,US,9616,187,,
978,US,1183,1,,
979,US,10909,195,,
980,US,18175,346,,
981,US,64823,836,,
982,US,26133,497,,
983,US,227,0,,
984,US,49,0,,
985,US,49158,1137,,
986,US,25609,285,,
987,US,3576,62,,
988,US,20674,394,,
989,US,3058,58,,
990,US,43349,914,,
991,US,246767,3079,,
992,US,1713,45,,
993,US,13522,437,,
994,US,11500,463,,
995,US,19444,352,,
996,US,37448,551,,
997,US,8316,170,,
998,US,4460,97,,
999,US,1632,24,,
1000,US,101826,1483,,
1001,US,36732,706,,
1002,US,7561,114,,
1003,US,1360,20,,
1004,US,5811,99,,
1005,US,1650,44,,
1006,US,988,19,,
1007,US,1984,45,,
1008,US,1649,25,,
1009,US,3311,45,,
1010,US,4903,87,,
1011,US,14792,482,,
1012,US,8819,366,,
1013,US,144772,1832,,
1014,US,2291,49,,
1015,US,12913,306,,
1016,US,6357,158,,
1017,US,1528,28,,
1018,US,1627,26,,
1019,US,31329,663,,
1020,US,74254,1009,,
1021,US,33045,332,,
1022,US,3608,56,,
1023,US,1085,16,,
1024,US,2109,45,,
1025,US,40173,689,,
1026,US,32123,996,,
1027,US,12838,335,,
1028,US,504650,6472,,
1029,US,7147,52,,
1030,US,8730,127,,
1031,US,21016,367,,
1032,US,4235,89,,
1033,US,144256,1310,,
1034,US,46733,529,,
1035,US,149633,2883,,
1036,US,43264,802,,
1037,US,81908,1671,,
1038,US,71703,1387,,
1039,US,6775,160,,
1040,US,18684,291,,
1041,US,33923,844,,
1042,US,35732,516,,
1043,US,23447,221,,
1044,US,27834,657,,
1045,US,9545,284,,
1046,US,5422,140,,
1047,US,2753,48,,
1048,US,3019,292,,
1049,US,1864,74,,
1050,US,45269,846,,
1051,US,3553,56,,
1052,US,7962,89,,
1053,US,2758,52,,
1054,US,2307,72,,
1055,US,1043,22,,
1056,US,1650,40,,
1057,US,231,10,,
1058,US,4578,134,,
1059,US,1845,38,,
1060,US,10193,143,,
1061,US,14876,236,,
1062,US,2108,81,,
1063,US,1877,46,,
1064,US,16069,460,,
1065,US,1478,50,,
1066,US,1657,40,,
1067,US,1416,48,,
1068,US,3744,41,,
1069,US,6719,122,,
1070,US,2613,64,,
1071,US,3189,88,,
1072,US,583,16,,
1073,US,4038,38,,
1074,US,980,68,,
1075,US,11517,245,,
1076,US,6591,72,,
1077,US,1569,36,,
1078,US,23574,462,,
1079,US,4407,17,,
1080,US,2873,76,,
1081,US,31460,333,,
1082,US,15175,149,,
1083,US,237,3,,
1084,US,27329,514,,
1085,US,975,27,,
1086,US,79851,1096,,
1087,US,5326,174,,
1088,US,4800,127,,
1089,US,17074,211,,
1090,US,1850,44,,
1091,US,14335,226,,
1092,US,660,21,,
1093,US,2103,87,,
1094,US,1462,14,,
1095,US,3099,48,,
1096,US,66967,1059,,
1097,US,2964,71,,
1098,US,2114,105,,
1099,US,1084,44,,
1100,US,7683,309,,
1101,US,15526,229,,
1102,US,1190,47,,
1103,US,476,9,,
1104,US,4680,72,,
1105,US,2296,74,,
1106,US,2606,82,,
1107,US,980,31,,
1108,US,2432,73,,
1109,US,9108,176,,
1110,US,12065,238,,
1111,US,22806,203,,
1112,US,2691,52,,
1113,US,98806,1450,,
1114,US,3041,89,,
1115,US,267,19,,
1116,US,8279,178,,
1117,US,8229,115,,
1118,US,2263,62,,
1119,US,1833,62,,
1120,US,102986,1194,,
1121,US,5094,162,,
1122,US,27713,489,,
1123,US,922,69,,
1124,US,2661,89,,
1125,US,2629,62,,
1126,US,2401,57,,
1127,US,884,22,,
1128,US,25806,334,,
1129,US,14825,269,,
1130,US,985,31,,
1131,US,9974,150,,
1132,US,1412,38,,
1133,US,1906,43,,
1134,US,1962,69,,
1135,US,858,44,,
1136,US,1122,50,,
1137,US,2063,58,,
1138,US,2061,58,,
1139,US,801,13,,
1140,US,5627,170,,
1141,US,2763,58,,
1142,US,4158,66,,
1143,US,837,28,,
1144,US,876,13,,
1145,US,12950,213,,
1146,US,3004,77,,
1147,US,888,36,,
1148,US,3266,58,,
1149,US,568,23,,
1150,US,2529,50,,
1151,US,866,16,,
1152,US,2056,88,,
1153,US,853,14,,
1154,US,2098,84,,
1155,US,2701,100,,
1156,US,902,23,,
1157,US,2146,31,,
1158,US,5022,91,,
1159,US,16781,489,,
1160,US,11343,257,,
1161,US,4037,73,,
1162,US,1502,30,,
1163,US,29500,677,,
1164,US,17259,229,,
1165,US,2693,66,,
1166,US,3493,78,,
1167,US,2498,58,,
1168,US,2347,43,,
1169,US,5688,98,,
1170,US,934,45,,
1171,US,2211,59,,
1172,US,168,3,,
1173,US,1775,49,,
1174,US,633,34,,
1175,US,25062,521,,
1176,US,7848,174,,
1177,US,350,5,,
1178,US,1004,32,,
1179,US,953,19,,
1180,US,6463,202,,
1181,US,3148,80,,
1182,US,938,25,,
1183,US,2600,105,,
1184,US,494,18,,
1185,US,124,3,,
1186,US,2338,68,,
1187,US,804,25,,
1188,US,1319,60,,
1189,US,821,49,,
1190,US,4533,124,,
1191,US,4951,130,,
1192,US,3429,116,,
1193,US,1256,58,,
1194,US,858,32,,
1195,US,7596,234,,
1196,US,1037,40,,
1197,US,729,45,,
1198,US,3068,5,,
1199,US,2266,78,,
1200,US,3506,132,,
1201,US,7727,90,,
1202,US,10717,263,,
1203,US,4958,179,,
1204,US,549,20,,
1205,US,2069,88,,
1206,US,3631,91,,
1207,US,146,4,,
1208,US,634,24,,
1209,US,3207,82,,
1210,US,16997,248,,
1211,US,831,48,,
1212,US,1106,30,,
1213,US,939,27,,
1214,US,1800,68,,
1215,US,103,3,,
1216,US,8236,139,,
1217,US,3138,54,,
1218,US,27469,392,,
1219,US,328,2,,
1220,US,4788,55,,
1221,US,1288,3,,
1222,US,0,0,,
1223,US,53196,478,,
1224,US,342,4,,
1225,US,8864,110,,
1226,US,392,2,,
1227,US,707,10,,
1228,US,4852,75,,
1229,US,2388,18,,
1230,US,369,2,,
1231,US,3341,42,,
1232,US,15014,174,,
1233,US,880,11,,
1234,US,212,1,,
1235,US,72,0,,
1236,US,27413,305,,
1237,US,703,12,,
1238,US,2960,27,,
1239,US,59,0,,
1240,US,1082,14,,
1241,US,257,3,,
1242,US,2101,19,,
1243,US,1208,16,,
1244,US,1139,14,,
1245,US,1824,39,,
1246,US,1319,24,,
1247,US,1313,18,,
1248,US,3020,32,,
1249,US,2637,23,,
1250,US,18850,210,,
1251,US,3208,11,,
1252,US,532,9,,
1253,US,433,10,,
1254,US,512,11,,
1255,US,7318,28,,
1256,US,2350,33,,
1257,US,3715,54,,
1258,US,362,4,,
1259,US,1089,31,,
1260,US,2604,37,,
1261,US,658,9,,
1262,US,1173,34,,
1263,US,1229,4,,
1264,US,9731,131,,
1265,US,0,0,,
1266,US,851,6,,
1267,US,1236,21,,
1268,US,8654,126,,
1269,US,473,11,,
1270,US,2088,24,,
1271,US,6829,76,,
1272,US,726,6,,
1273,US,3783,83,,
1274,US,529,2,,
1275,US,1780,37,,
1276,US,2030,27,,
1277,US,21088,153,,
1278,US,3836,75,,
1279,US,1836,33,,
1280,US,1495,43,,
1281,US,5787,91,,
1282,US,5760,100,,
1283,US,555850,10423,,
1284,US,2145,26,,
1285,US,1300,19,,
1286,US,1571,29,,
1287,US,10099,121,,
1288,US,2605,36,,
1289,US,92309,1318,,
1290,US,1763,40,,
1291,US,576,12,,
1292,US,4763,72,,
1293,US,3219,55,,
1294,US,1883,48,,
1295,US,4545,78,,
1296,US,4051,59,,
1297,US,468,4,,
1298,US,1453,34,,
1299,US,5985,78,,
1300,US,842,15,,
1301,US,1800,31,,
1302,US,391,12,,
1303,US,530,14,,
1304,US,5072,70,,
1305,US,3131,67,,
1306,US,5098,65,,
1307,US,1162,18,,
1308,US,4417,122,,
1309,US,2715,52,,
1310,US,1827,24,,
1311,US,1473,16,,
1312,US,59383,803,,
1313,US,14532,216,,
1314,US,13275,98,,
1315,US,5639,153,,
1316,US,12766,249,,
1317,US,68305,1010,,
1318,US,2411,27,,
1319,US,4194,53,,
1320,US,4896,91,,
1321,US,3960,63,,
1322,US,10979,211,,
1323,US,4782,88,,
1324,US,30897,526,,
1325,US,4511,117,,
1326,US,1082,19,,
1327,US,1541,45,,
1328,US,1358,40,,
1329,US,2901,51,,
1330,US,29174,293,,
1331,US,18544,187,,
1332,US,1248,12,,
1333,US,1493,34,,
1334,US,4380,94,,
1335,US,3790,74,,
1336,US,3930,82,,
1337,US,1629,28,,
1338,US,6204,83,,
1339,US,2,0,,
1340,US,23439,339,,
1341,US,3199,60,,
1342,US,1522,14,,
1343,US,1817,53,,
1344,US,327,4,,
1345,US,699,7,,
1346,US,486,3,,
1347,US,4160,87,,
1348,US,1769,40,,
1349,US,15239,328,,
1350,US,2601,57,,
1351,US,19071,237,,
1352,US,779,7,,
1353,US,488,1,,
1354,US,2323,37,,
1355,US,28265,519,,
1356,US,648,24,,
1357,US,4814,85,,
1358,US,17210,304,,
1359,US,0,2420,,
1360,US,2271,40,,
1361,US,9990,141,,
1362,US,1355,12,,
1363,US,1836,48,,
1364,US,1647,25,,
1365,US,1807,53,,
1366,US,1702,26,,
1367,US,7195,174,,
1368,US,76876,1028,,
1369,US,7567,134,,
1370,US,34053,500,,
1371,US,4815,82,,
1372,US,3449,55,,
1373,US,41613,691,,
1374,US,8158,157,,
1375,US,1008,14,,
1376,US,1360,32,,
1377,US,6911,103,,
1378,US,1039,43,,
1379,US,1934,20,,
1380,US,5989,108,,
1381,US,13190,193,,
1382,US,2654,48,,
1383,US,4398,55,,
1384,US,1023,16,,
1385,US,3028,100,,
1386,US,4385,85,,
1387,US,5888,78,,
1388,US,2899,92,,
1389,US,10947,197,,
1390,US,6211,118,,
1391,US,29347,459,,
1392,US,2846,64,,
1393,US,7763,180,,
1394,US,2183,47,,
1395,US,1701,35,,
1396,US,2015,42,,
1397,US,4440,93,,
1398,US,7227,179,,
1399,US,2863,85,,
1400,US,36505,416,,
1401,US,8541,144,,
1402,US,4404,73,,
1403,US,17583,317,,
1404,US,5893,108,,
1405,US,10250,225,,
1406,US,4021,81,,
1407,US,5083,74,,
1408,US,3862,54,,
1409,US,2008,32,,
1410,US,3356,85,,
1411,US,2351,49,,
1412,US,18386,387,,
1413,US,3756,90,,
1414,US,9609,119,,
1415,US,2728,72,,
1416,US,12385,221,,
1417,US,55421,1006,,
1418,US,4727,121,,
1419,US,13111,344,,
1420,US,103027,1775,,
1421,US,6205,116,,
1422,US,914,15,,
1423,US,3925,68,,
1424,US,12152,175,,
1425,US,4338,90,,
1426,US,6735,141,,
1427,US,1126,36,,
1428,US,5797,86,,
1429,US,578,11,,
1430,US,1880,55,,
1431,US,2108,58,,
1432,US,1489,16,,
1433,US,1869,37,,
1434,US,1379,34,,
1435,US,19313,325,,
1436,US,2737,35,,
1437,US,1200,47,,
1438,US,3718,60,,
1439,US,2446,83,,
1440,US,3464,70,,
1441,US,1756,26,,
1442,US,2698,55,,
1443,US,5006,97,,
1444,US,2341,31,,
1445,US,36933,564,,
1446,US,2275,58,,
1447,US,3986,59,,
1448,US,2139,43,,
1449,US,809,8,,
1450,US,22849,225,,
1451,US,1657,46,,
1452,US,0,421,,
1453,US,728,10,,
1454,US,22540,400,,
1455,US,1735,44,,
1456,US,12602,253,,
1457,US,3605,83,,
1458,US,835,15,,
1459,US,7854,156,,
1460,US,2445,34,,
1461,US,7154,201,,
1462,US,2948,81,,
1463,US,3297,53,,
1464,US,4056,42,,
1465,US,873,32,,
1466,US,344,4,,
1467,US,1526,52,,
1468,US,1290,49,,
1469,US,529,10,,
1470,US,2587,55,,
1471,US,16065,312,,
1472,US,2683,34,,
1473,US,2877,60,,
1474,US,1930,33,,
1475,US,4261,40,,
1476,US,1659,35,,
1477,US,1389,13,,
1478,US,2867,52,,
1479,US,1392,55,,
1480,US,1920,23,,
1481,US,5531,93,,
1482,US,1593,38,,
1483,US,1245,17,,
1484,US,1009,24,,
1485,US,2165,27,,
1486,US,1710,57,,
1487,US,5613,93,,
1488,US,2678,40,,
1489,US,11284,99,,
1490,US,852,25,,
1491,US,615,9,,
1492,US,2109,43,,
1493,US,4669,70,,
1494,US,2493,44,,
1495,US,13496,211,,
1496,US,1358,41,,
1497,US,1864,43,,
1498,US,1630,42,,
1499,US,1233,23,,
1500,US,626,9,,
1501,US,780,11,,
1502,US,1371,33,,
1503,US,1230,32,,
1504,US,1817,51,,
1505,US,1501,34,,
1506,US,1873,44,,
1507,US,1799,73,,
1508,US,2941,37,,
1509,US,1050,22,,
1510,US,1195,26,,
1511,US,915,35,,
1512,US,1498,24,,
1513,US,2252,42,,
1514,US,4208,72,,
1515,US,1335,35,,
1516,US,14605,85,,
1517,US,3008,57,,
1518,US,964,32,,
1519,US,2161,66,,
1520,US,3817,56,,
1521,US,21181,339,,
1522,US,1297,49,,
1523,US,779,23,,
1524,US,1588,41,,
1525,US,1645,19,,
1526,US,2322,51,,
1527,US,3659,76,,
1528,US,4863,76,,
1529,US,1633,24,,
1530,US,1266,43,,
1531,US,829,31,,
1532,US,962,30,,
1533,US,1036,38,,
1534,US,4875,106,,
1535,US,1997,61,,
1536,US,790,16,,
1537,US,1945,22,,
1538,US,1136,23,,
1539,US,4029,81,,
1540,US,858,22,,
1541,US,58186,638,,
1542,US,11214,173,,
1543,US,1569,36,,
1544,US,563,24,,
1545,US,1307,20,,
1546,US,20287,246,,
1547,US,1315,37,,
1548,US,5169,74,,
1549,US,10708,48,,
1550,US,2116,71,,
1551,US,667,12,,
1552,US,954,0,,
1553,US,1299,35,,
1554,US,563,18,,
1555,US,4333,122,,
1556,US,5835,91,,
1557,US,2567,51,,
1558,US,544,23,,
1559,US,5144,94,,
1560,US,1443,31,,
1561,US,1977,35,,
1562,US,15227,230,,
1563,US,759,8,,
1564,US,1859,40,,
1565,US,1251,20,,
1566,US,845,18,,
1567,US,1616,14,,
1568,US,374,6,,
1569,US,2623,51,,
1570,US,1428,26,,
1571,US,1235,38,,
1572,US,7621,90,,
1573,US,278,3,,
1574,US,270,6,,
1575,US,2539,53,,
1576,US,371,13,,
1577,US,251,7,,
1578,US,804,29,,
1579,US,1005,23,,
1580,US,750,23,,
1581,US,170,9,,
1582,US,4018,109,,
1583,US,4787,78,,
1584,US,279,12,,
1585,US,1797,45,,
1586,US,1018,23,,
1587,US,9373,85,,
1588,US,267,12,,
1589,US,180,5,,
1590,US,3759,73,,
1591,US,1221,25,,
1592,US,6107,74,,
1593,US,5771,76,,
1594,US,2582,43,,
1595,US,3534,40,,
1596,US,387,19,,
1597,US,265,9,,
1598,US,947,18,,
1599,US,571,14,,
1600,US,104,1,,
1601,US,570,11,,
1602,US,209,1,,
1603,US,620,18,,
1604,US,3691,71,,
1605,US,421,9,,
1606,US,213,8,,
1607,US,1416,16,,
1608,US,1750,37,,
1609,US,215,6,,
1610,US,59411,766,,
1611,US,573,10,,
1612,US,773,15,,
1613,US,238,4,,
1614,US,2761,50,,
1615,US,128,7,,
1616,US,7286,93,,
1617,US,265,5,,
1618,US,827,9,,
1619,US,289,6,,
1620,US,4313,86,,
1621,US,1115,24,,
1622,US,1136,26,,
1623,US,3318,83,,
1624,US,517,12,,
1625,US,2784,42,,
1626,US,566,18,,
1627,US,3482,82,,
1628,US,590,23,,
1629,US,269,8,,
1630,US,1523,55,,
1631,US,1809,35,,
1632,US,372,16,,
1633,US,1208,27,,
1634,US,1265,26,,
1635,US,290,12,,
1636,US,553,13,,
1637,US,0,0,,
1638,US,1174,14,,
1639,US,714,24,,
1640,US,1960,31,,
1641,US,815,25,,
1642,US,334,7,,
1643,US,8575,139,,
1644,US,672,13,,
1645,US,1080,12,,
1646,US,6613,43,,
1647,US,656,11,,
1648,US,434,14,,
1649,US,861,28,,
1650,US,6316,144,,
1651,US,600,24,,
1652,US,57550,775,,
1653,US,3872,41,,
1654,US,17650,365,,
1655,US,437,14,,
1656,US,659,12,,
1657,US,275,3,,
1658,US,344,9,,
1659,US,186,6,,
1660,US,560,10,,
1661,US,2207,52,,
1662,US,1099,20,,
1663,US,407,8,,
1664,US,0,0,,
1665,US,688,13,,
1666,US,179,4,,
1667,US,552,14,,
1668,US,217,6,,
1669,US,1018,16,,
1670,US,221,5,,
1671,US,20797,285,,
1672,US,1948,54,,
1673,US,2115,42,,
1674,US,1767,23,,
1675,US,416,9,,
1676,US,4488,101,,
1677,US,1044,22,,
1678,US,3157,58,,
1679,US,14355,147,,
1680,US,1759,19,,
1681,US,5091,75,,
1682,US,3478,78,,
1683,US,655,7,,
1684,US,1042,9,,
1685,US,1313,18,,
1686,US,7383,83,,
1687,US,1479,28,,
1688,US,1468,32,,
1689,US,3567,49,,
1690,US,8732,80,,
1691,US,483,9,,
1692,US,1033,21,,
1693,US,2339,35,,
1694,US,1508,38,,
1695,US,7051,107,,
1696,US,3005,32,,
1697,US,2696,46,,
1698,US,1447,31,,
1699,US,682,23,,
1700,US,693,12,,
1701,US,10974,193,,
1702,US,920,25,,
1703,US,969,2,,
1704,US,1159,12,,
1705,US,36375,315,,
1706,US,1223,24,,
1707,US,3486,70,,
1708,US,4174,56,,
1709,US,541,16,,
1710,US,727,33,,
1711,US,1551,36,,
1712,US,2494,20,,
1713,US,4317,96,,
1714,US,2237,58,,
1715,US,1230,17,,
1716,US,3675,63,,
1717,US,896,15,,
1718,US,9922,167,,
1719,US,2922,87,,
1720,US,1804,25,,
1721,US,2013,52,,
1722,US,4958,79,,
1723,US,1383,19,,
1724,US,402,15,,
1725,US,4602,146,,
1726,US,1325,32,,
1727,US,82691,1329,,
1728,US,4779,70,,
1729,US,2103,36,,
1730,US,16835,201,,
1731,US,1150,24,,
1732,US,3504,45,,
1733,US,1355,26,,
1734,US,7088,81,,
1735,US,1481,27,,
1736,US,1290,26,,
1737,US,941,8,,
1738,US,1948,46,,
1739,US,1355,40,,
1740,US,2392,58,,
1741,US,881,24,,
1742,US,2902,71,,
1743,US,1552,20,,
1744,US,9522,111,,
1745,US,1041,18,,
1746,US,2371,38,,
1747,US,2879,58,,
1748,US,1054,20,,
1749,US,1746,40,,
1750,US,6896,131,,
1751,US,2039,34,,
1752,US,901,27,,
1753,US,2073,26,,
1754,US,488,17,,
1755,US,2630,54,,
1756,US,1064,30,,
1757,US,1341,44,,
1758,US,2844,30,,
1759,US,2309,4,,
1760,US,3064,67,,
1761,US,4999,61,,
1762,US,590,8,,
1763,US,2498,55,,
1764,US,7676,84,,
1765,US,729,13,,
1766,US,506,16,,
1767,US,1040,4,,
1768,US,2733,66,,
1769,US,5698,106,,
1770,US,1342,13,,
1771,US,6624,110,,
1772,US,235,14,,
1773,US,1636,23,,
1774,US,2314,20,,
1775,US,1901,45,,
1776,US,5492,36,,
1777,US,4817,78,,
1778,US,2133,42,,
1779,US,1639,25,,
1780,US,3233,52,,
1781,US,1187,28,,
1782,US,1335,15,,
1783,US,697,7,,
1784,US,9,0,,
1785,US,1441,16,,
1786,US,16233,181,,
1787,US,1456,41,,
1788,US,2228,48,,
1789,US,1383,21,,
1790,US,4816,61,,
1791,US,539,6,,
1792,US,2162,21,,
1793,US,6737,195,,
1794,US,3255,92,,
1795,US,12712,167,,
1796,US,2303,36,,
1797,US,4326,123,,
1798,US,3279,77,,
1799,US,1693,82,,
1800,US,14301,308,,
1801,US,26944,759,,
1802,US,22956,447,,
1803,US,1128,29,,
1804,US,623,7,,
1805,US,1174,38,,
1806,US,1467,55,,
1807,US,1908,61,,
1808,US,2870,78,,
1809,US,40591,829,,
1810,US,1135,27,,
1811,US,3225,112,,
1812,US,3668,94,,
1813,US,2523,107,,
1814,US,2231,58,,
1815,US,7337,159,,
1816,US,3901,100,,
1817,US,2045,51,,
1818,US,47175,901,,
1819,US,3230,97,,
1820,US,1671,37,,
1821,US,24265,291,,
1822,US,9936,205,,
1823,US,4631,93,,
1824,US,14042,209,,
1825,US,1570,40,,
1826,US,2863,78,,
1827,US,4142,93,,
1828,US,30830,799,,
1829,US,18875,457,,
1830,US,0,0,,
1831,US,2557,27,,
1832,US,2682,75,,
1833,US,12603,322,,
1834,US,899,38,,
1835,US,2488,56,,
1836,US,2987,62,,
1837,US,4106,54,,
1838,US,5576,97,,
1839,US,975,12,,
1840,US,2016,50,,
1841,US,3821,141,,
1842,US,9108,261,,
1843,US,5475,118,,
1844,US,4930,141,,
1845,US,26143,528,,
1846,US,13008,302,,
1847,US,369,8,,
1848,US,10759,225,,
1849,US,392,0,,
1850,US,2435,81,,
1851,US,5700,125,,
1852,US,3186,104,,
1853,US,4434,134,,
1854,US,4215,113,,
1855,US,2961,62,,
1856,US,1184,41,,
1857,US,1207,34,,
1858,US,1576,46,,
1859,US,8360,85,,
1860,US,1885,46,,
1861,US,17198,197,,
1862,US,1367,15,,
1863,US,1370,38,,
1864,US,6562,74,,
1865,US,1143,6,,
1866,US,1076,3,,
1867,US,0,0,,
1868,US,3624,66,,
1869,US,6285,94,,
1870,US,574,6,,
1871,US,1472,11,,
1872,US,2260,33,,
1873,US,3,0,,
1874,US,1046,21,,
1875,US,930,17,,
1876,US,13435,133,,
1877,US,7035,212,,
1878,US,43888,657,,
1879,US,65804,1667,,
1880,US,53025,1238,,
1881,US,4231,85,,
1882,US,2349,30,,
1883,US,9509,253,,
1884,US,6318,152,,
1885,US,10929,213,,
1886,US,2844,65,,
1887,US,19808,341,,
1888,US,2040,65,,
1889,US,16617,296,,
1890,US,19281,252,,
1891,US,1351,51,,
1892,US,71052,1617,,
1893,US,85334,1586,,
1894,US,3004,51,,
1895,US,2616,40,,
1896,US,6039,131,,
1897,US,2174,44,,
1898,US,0,33,,
1899,US,14633,329,,
1900,US,7708,172,,
1901,US,3676,106,,
1902,US,13926,469,,
1903,US,6536,287,,
1904,US,66819,1737,,
1905,US,2931,5,,
1906,US,97809,2396,,
1907,US,2579,113,,
1908,US,52355,1535,,
1909,US,9158,298,,
1910,US,135182,3770,,
1911,US,54937,1796,,
1912,US,49236,1441,,
1913,US,92991,1845,,
1914,US,47117,7,,
1915,US,77299,2240,,
1916,US,739,32,,
1917,US,516,7,,
1918,US,11151,156,,
1919,US,2266,62,,
1920,US,1630,29,,
1921,US,1207,29,,
1922,US,816,37,,
1923,US,5948,68,,
1924,US,11238,352,,
1925,US,1280,36,,
1926,US,15463,289,,
1927,US,4855,96,,
1928,US,14506,313,,
1929,US,5482,76,,
1930,US,1672,22,,
1931,US,1930,45,,
1932,US,2495,33,,
1933,US,2464,83,,
1934,US,7618,90,,
1935,US,992,14,,
1936,US,4055,95,,
1937,US,2746,74,,
1938,US,10138,207,,
1939,US,2376,43,,
1940,US,316,5,,
1941,US,41688,961,,
1942,US,2303,58,,
1943,US,1405,51,,
1944,US,6471,98,,
1945,US,4072,121,,
1946,US,4409,93,,
1947,US,3135,43,,
1948,US,4087,82,,
1949,US,24852,386,,
1950,US,6295,80,,
1951,US,2004,74,,
1952,US,1052,52,,
1953,US,6326,99,,
1954,US,15789,290,,
1955,US,23098,402,,
1956,US,1130,25,,
1957,US,73155,851,,
1958,US,174,2,,
1959,US,634,16,,
1960,US,9222,203,,
1961,US,1242,19,,
1962,US,9359,166,,
1963,US,16704,192,,
1964,US,480,5,,
1965,US,713,3,,
1966,US,99990,2473,,
1967,US,1201,22,,
1968,US,5072,62,,
1969,US,2135,37,,
1970,US,3203,35,,
1971,US,2122,43,,
1972,US,26914,152,,
1973,US,7555,93,,
1974,US,1509,27,,
1975,US,15392,261,,
1976,US,6071,113,,
1977,US,614,20,,
1978,US,16218,365,,
1979,US,4882,69,,
1980,US,118390,2419,,
1981,US,2764,60,,
1982,US,1741,44,,
1983,US,482,21,,
1984,US,1956,31,,
1985,US,690,31,,
1986,US,2338,41,,
1987,US,32833,431,,
1988,US,1774,15,,
1989,US,1054,34,,
1990,US,1897,53,,
1991,US,21337,617,,
1992,US,4257,125,,
1993,US,437,5,,
1994,US,6415,106,,
1995,US,18445,446,,
1996,US,6247,100,,
1997,US,5663,173,,
1998,US,21,0,,
1999,US,7125,130,,
2000,US,26439,299,,
2001,US,165215,5113,,
2002,US,2890,47,,
2003,US,1386,37,,
2004,US,42693,458,,
2005,US,3865,55,,
2006,US,4069,60,,
2007,US,5827,98,,
2008,US,604,4,,
2009,US,7623,43,,
2010,US,3078,40,,
2011,US,3525,56,,
2012,US,10658,48,,
2013,US,2855,32,,
2014,US,1538,38,,
2015,US,6191,52,,
2016,US,8254,92,,
2017,US,890,16,,
2018,US,172,0,,
2019,US,1671,24,,
2020,US,6811,94,,
2021,US,46772,469,,
2022,US,1877,3,,
2023,US,4753,81,,
2024,US,1543,19,,
2025,US,1574,10,,
2026,US,3468,32,,
2027,US,4833,73,,
2028,US,593,8,,
2029,US,124765,1771,,
2030,US,1740,16,,
2031,US,1960,41,,
2032,US,4395,64,,
2033,US,4586,63,,
2034,US,1226,12,,
2035,US,1468,28,,
2036,US,6671,85,,
2037,US,490,22,,
2038,US,946,17,,
2039,US,756,22,,
2040,US,829,20,,
2041,US,345,3,,
2042,US,2971,25,,
2043,US,584,3,,
2044,US,3638,53,,
2045,US,566,9,,
2046,US,887,17,,
2047,US,2349,32,,
2048,US,4291,61,,
2049,US,2630,42,,
2050,US,3114,54,,
2051,US,4243,61,,
2052,US,4707,33,,
2053,US,1070,10,,
2054,US,3309,45,,
2055,US,4079,50,,
2056,US,547,9,,
2057,US,13386,102,,
2058,US,5856,84,,
2059,US,1538,20,,
2060,US,3350,23,,
2061,US,1166,26,,
2062,US,3888,72,,
2063,US,1129,6,,
2064,US,52437,895,,
2065,US,401,7,,
2066,US,1763,38,,
2067,US,1823,46,,
2068,US,8186,110,,
2069,US,1287,19,,
2070,US,2107,21,,
2071,US,17536,134,,
2072,US,11994,94,,
2073,US,1468,10,,
2074,US,18120,311,,
2075,US,22545,224,,
2076,US,3974,16,,
2077,US,924,11,,
2078,US,1069,18,,
2079,US,2856,32,,
2080,US,375,5,,
2081,US,480,93,,
2082,US,2078,3,,
2083,US,1624,22,,
2084,US,2378,23,,
2085,US,27391,290,,
2086,US,1358,9,,
2087,US,831,12,,
2088,US,4608,51,,
2089,US,16400,148,,
2090,US,1149,20,,
2091,US,3047,85,,
2092,US,3232,72,,
2093,US,1259,42,,
2094,US,2149,73,,
2095,US,1022,25,,
2096,US,4833,133,,
2097,US,1737,32,,
2098,US,1223,30,,
2099,US,2104,59,,
2100,US,790,18,,
2101,US,1029,30,,
2102,US,1789,80,,
2103,US,1874,54,,
2104,US,2982,83,,
2105,US,2996,66,,
2106,US,2666,83,,
2107,US,22246,264,,
2108,US,7810,153,,
2109,US,849,23,,
2110,US,2518,51,,
2111,US,1316,33,,
2112,US,2640,87,,
2113,US,3851,87,,
2114,US,18342,316,,
2115,US,20612,421,,
2116,US,1903,74,,
2117,US,975,33,,
2118,US,169,6,,
2119,US,3047,77,,
2120,US,13666,248,,
2121,US,2220,48,,
2122,US,662,28,,
2123,US,1076,33,,
2124,US,8452,167,,
2125,US,966,28,,
2126,US,6295,120,,
2127,US,6322,88,,
2128,US,7253,242,,
2129,US,1310,24,,
2130,US,2716,74,,
2131,US,10050,176,,
2132,US,3514,125,,
2133,US,4007,111,,
2134,US,6488,149,,
2135,US,10213,224,,
2136,US,2712,80,,
2137,US,4571,105,,
2138,US,4154,135,,
2139,US,1286,43,,
2140,US,4059,179,,
2141,US,2485,63,,
2142,US,1279,34,,
2143,US,4658,98,,
2144,US,4659,110,,
2145,US,4591,146,,
2146,US,1266,38,,
2147,US,3366,110,,
2148,US,4245,73,,
2149,US,2833,61,,
2150,US,818,16,,
2151,US,13855,282,,
2152,US,3192,74,,
2153,US,508,17,,
2154,US,2978,89,,
2155,US,1640,34,,
2156,US,1872,33,,
2157,US,3393,91,,
2158,US,1799,41,,
2159,US,3423,86,,
2160,US,2911,68,,
2161,US,2308,67,,
2162,US,1079,27,,
2163,US,0,0,,
2164,US,4155,76,,
2165,US,1351,47,,
2166,US,4436,121,,
2167,US,5412,136,,
2168,US,2644,42,,
2169,US,1150,32,,
2170,US,693,32,,
2171,US,2298,81,,
2172,US,1677,40,,
2173,US,3139,71,,
2174,US,2415,19,,
2175,US,1900,20,,
2176,US,457,6,,
2177,US,2716,58,,
2178,US,2962,47,,
2179,US,1191,16,,
2180,US,1346,30,,
2181,US,1708,34,,
2182,US,1145,14,,
2183,US,18173,99,,
2184,US,9450,145,,
2185,US,4250,49,,
2186,US,833,15,,
2187,US,5050,51,,
2188,US,4223,88,,
2189,US,8981,138,,
2190,US,1056,24,,
2191,US,545,11,,
2192,US,9370,114,,
2193,US,1145,21,,
2194,US,734,8,,
2195,US,8733,93,,
2196,US,693,7,,
2197,US,10288,169,,
2198,US,1989,65,,
2199,US,9236,129,,
2200,US,1934,27,,
2201,US,2636,39,,
2202,US,606,17,,
2203,US,1364,28,,
2204,US,732,11,,
2205,US,1137,32,,
2206,US,1024,18,,
2207,US,971,29,,
2208,US,2982,50,,
2209,US,10798,185,,
2210,US,1577,46,,
2211,US,835,20,,
2212,US,29520,475,,
2213,US,1066,35,,
2214,US,894,14,,
2215,US,2058,40,,
2216,US,661,15,,
2217,US,448,14,,
2218,US,1063,7,,
2219,US,3563,45,,
2220,US,917,7,,
2221,US,39129,473,,
2222,US,15976,239,,
2223,US,23613,253,,
2224,US,4844,57,,
2225,US,44916,591,,
2226,US,378,3,,
2227,US,3433,71,,
2228,US,3160,57,,
2229,US,3514,87,,
2230,US,1060,19,,
2231,US,6225,50,,
2232,US,1525,14,,
2233,US,2070,45,,
2234,US,1597,16,,
2235,US,1684,16,,
2236,US,644,8,,
2237,US,3642,53,,
2238,US,2517,30,,
2239,US,309,2,,
2240,US,2604,57,,
2241,US,1493,28,,
2242,US,1809,32,,
2243,US,1012,12,,
2244,US,1054,12,,
2245,US,1734,44,,
2246,US,2143,46,,
2247,US,5543,80,,
2248,US,2722,25,,
2249,US,811,5,,
2250,US,1646,16,,
2251,US,661,21,,
2252,US,1610,39,,
2253,US,2269,30,,
2254,US,5188,77,,
2255,US,3918,131,,
2256,US,1806,26,,
2257,US,4226,47,,
2258,US,3503,37,,
2259,US,3546,55,,
2260,US,483,4,,
2261,US,1068,13,,
2262,US,2679,30,,
2263,US,2006,27,,
2264,US,389,3,,
2265,US,1098,17,,
2266,US,2849,38,,
2267,US,342,7,,
2268,US,306,4,,
2269,US,4741,86,,
2270,US,590,12,,
2271,US,670,7,,
2272,US,43275,466,,
2273,US,799,8,,
2274,US,8929,116,,
2275,US,100676,2258,,
2276,US,25177,525,,
2277,US,1837,17,,
2278,US,2517,41,,
2279,US,2539,47,,
2280,US,858,14,,
2281,US,5645,97,,
2282,US,1931,23,,
2283,US,0,0,,
2284,US,1973,46,,
2285,US,3223,24,,
2286,US,2783,52,,
2287,US,1038,14,,
2288,US,3798,55,,
2289,US,173,2,,
2290,US,1655,34,,
2291,US,921,11,,
2292,US,2581,76,,
2293,US,808,24,,
2294,US,512,5,,
2295,US,898,17,,
2296,US,151,5,,
2297,US,9357,184,,
2298,US,516,7,,
2299,US,1205,18,,
2300,US,197,8,,
2301,US,1099,29,,
2302,US,1121,15,,
2303,US,288,2,,
2304,US,1126,31,,
2305,US,12316,98,,
2306,US,14885,63,,
2307,US,80,2,,
2308,US,1545,42,,
2309,US,57,2,,
2310,US,203,2,,
2311,US,2026,45,,
2312,US,1109,8,,
2313,US,91,1,,
2314,US,2128,36,,
2315,US,7010,89,,
2316,US,119,1,,
2317,US,1631,18,,
2318,US,789,8,,
2319,US,183,1,,
2320,US,152,7,,
2321,US,278,1,,
2322,US,9296,95,,
2323,US,370,13,,
2324,US,1451,20,,
2325,US,12,1,,
2326,US,524,16,,
2327,US,507,4,,
2328,US,126,6,,
2329,US,931,11,,
2330,US,141,2,,
2331,US,3224,46,,
2332,US,1244,18,,
2333,US,1667,55,,
2334,US,1229,50,,
2335,US,661,15,,
2336,US,424,5,,
2337,US,4131,86,,
2338,US,744,14,,
2339,US,403,7,,
2340,US,506,6,,
2341,US,723,11,,
2342,US,55,1,,
2343,US,0,0,,
2344,US,902,18,,
2345,US,180,8,,
2346,US,121,6,,
2347,US,17807,271,,
2348,US,2993,46,,
2349,US,536,7,,
2350,US,22,1,,
2351,US,36,0,,
2352,US,21,0,,
2353,US,584,4,,
2354,US,944,8,,
2355,US,176,3,,
2356,US,220,2,,
2357,US,5521,57,,
2358,US,671,12,,
2359,US,850,11,,
2360,US,2676,16,,
2361,US,776,11,,
2362,US,463,5,,
2363,US,301,7,,
2364,US,938,16,,
2365,US,706,11,,
2366,US,1593,21,,
2367,US,1056,15,,
2368,US,852,19,,
2369,US,3939,65,,
2370,US,749,12,,
2371,US,2888,31,,
2372,US,107,1,,
2373,US,611,9,,
2374,US,4964,62,,
2375,US,71755,718,,
2376,US,185,4,,
2377,US,507,8,,
2378,US,242,4,,
2379,US,193,1,,
2380,US,508,5,,
2381,US,2188,19,,
2382,US,113,1,,
2383,US,153,1,,
2384,US,187,5,,
2385,US,41,4,,
2386,US,214,1,,
2387,US,7863,117,,
2388,US,967,17,,
2389,US,219,0,,
2390,US,61,0,,
2391,US,255,5,,
2392,US,865,16,,
2393,US,54,2,,
2394,US,559,10,,
2395,US,669,1,,
2396,US,641,9,,
2397,US,690,5,,
2398,US,723,10,,
2399,US,54,0,,
2400,US,423,1,,
2401,US,888,12,,
2402,US,31468,170,,
2403,US,3874,60,,
2404,US,82,0,,
2405,US,42,0,,
2406,US,4303,44,,
2407,US,29,1,,
2408,US,787,15,,
2409,US,513,7,,
2410,US,414,10,,
2411,US,696,15,,
2412,US,434,11,,
2413,US,1473,10,,
2414,US,234,1,,
2415,US,294,11,,
2416,US,1001,10,,
2417,US,642,20,,
2418,US,4152,50,,
2419,US,585,9,,
2420,US,1214,15,,
2421,US,738,19,,
2422,US,102,2,,
2423,US,2044,2,,
2424,US,22854,131,,
2425,US,2534,16,,
2426,US,4193,48,,
2427,US,1761,32,,
2428,US,530,10,,
2429,US,212,4,,
2430,US,39,0,,
2431,US,372,11,,
2432,US,495,4,,
2433,US,53,1,,
2434,US,848,11,,
2435,US,2557,26,,
2436,US,327,2,,
2437,US,2198,25,,
2438,US,1090,7,,
2439,US,391,7,,
2440,US,39,0,,
2441,US,1768,11,,
2442,US,6581,124,,
2443,US,2093,49,,
2444,US,253969,4440,,
2445,US,2976,36,,
2446,US,5077,56,,
2447,US,38,0,,
2448,US,55,0,,
2449,US,1202,14,,
2450,US,470,9,,
2451,US,376,3,,
2452,US,3273,65,,
2453,US,309,7,,
2454,US,2990,108,,
2455,US,969,20,,
2456,US,113,3,,
2457,US,0,0,,
2458,US,46024,682,,
2459,US,625,6,,
2460,US,4144,100,,
2461,US,2472,12,,
2462,US,3887,35,,
2463,US,2055,41,,
2464,US,4071,26,,
2465,US,36287,646,,
2466,US,9650,116,,
2467,US,24305,263,,
2468,US,9976,95,,
2469,US,1863,25,,
2470,US,358,1,,
2471,US,31582,688,,
2472,US,104553,2878,,
2473,US,44271,864,,
2474,US,55734,1319,,
2475,US,9220,207,,
2476,US,17152,439,,
2477,US,94257,3004,,
2478,US,30600,643,,
2479,US,88161,2294,,
2480,US,9828,176,,
2481,US,34090,955,,
2482,US,92423,2365,,
2483,US,75715,1626,,
2484,US,50230,1237,,
2485,US,76030,2162,,
2486,US,73107,1929,,
2487,US,6087,185,,
2488,US,30103,846,,
2489,US,14039,305,,
2490,US,812,0,,
2491,US,71574,1971,,
2492,US,9995,237,,
2493,US,58733,954,,
2494,US,95,5,,
2495,US,9045,169,,
2496,US,2895,125,,
2497,US,795,44,,
2498,US,5265,84,,
2499,US,174,2,,
2500,US,24974,488,,
2501,US,6909,140,,
2502,US,1739,41,,
2503,US,450,11,,
2504,US,12,1,,
2505,US,365,9,,
2506,US,8374,195,,
2507,US,1760,18,,
2508,US,534,6,,
2509,US,3363,92,,
2510,US,12354,478,,
2511,US,173,7,,
2512,US,4043,77,,
2513,US,526,10,,
2514,US,3723,77,,
2515,US,2017,59,,
2516,US,15592,492,,
2517,US,1384,17,,
2518,US,12175,241,,
2519,US,10519,149,,
2520,US,781,52,,
2521,US,1323,60,,
2522,US,1695,53,,
2523,US,868,14,,
2524,US,4284,0,,
2525,US,258,10,,
2526,US,6847,117,,
2527,US,24694,356,,
2528,US,3555,87,,
2529,US,183412,6586,,
2530,US,18616,366,,
2531,US,5720,91,,
2532,US,6337,92,,
2533,US,8950,145,,
2534,US,7758,136,,
2535,US,3498,76,,
2536,US,4835,33,,
2537,US,4064,104,,
2538,US,3925,62,,
2539,US,2379,38,,
2540,US,29468,445,,
2541,US,89564,1806,,
2542,US,1593,26,,
2543,US,2561,12,,
2544,US,4421,91,,
2545,US,5435,124,,
2546,US,3402,79,,
2547,US,313,2,,
2548,US,5182,109,,
2549,US,6130,68,,
2550,US,280513,10452,,
2551,US,2807,36,,
2552,US,4520,60,,
2553,US,4562,89,,
2554,US,68929,1110,,
2555,US,4254,125,,
2556,US,183601,3174,,
2557,US,138212,4499,,
2558,US,20032,372,,
2559,US,22609,513,,
2560,US,38913,677,,
2561,US,7403,93,,
2562,US,48303,843,,
2563,US,3118,83,,
2564,US,7619,92,,
2565,US,3460,47,,
2566,US,0,248,,
2567,US,10605,92,,
2568,US,277187,9955,,
2569,US,11225,142,,
2570,US,74944,1841,,
2571,US,46935,963,,
2572,US,15359,168,,
2573,US,13197,205,,
2574,US,1692,17,,
2575,US,1072,14,,
2576,US,2010,56,,
2577,US,6633,96,,
2578,US,6952,144,,
2579,US,200989,3400,,
2580,US,6672,76,,
2581,US,3829,63,,
2582,US,4346,52,,
2583,US,13905,257,,
2584,US,92,11,,
2585,US,3658,57,,
2586,US,3159,55,,
2587,US,5781,70,,
2588,US,129645,2289,,
2589,US,3581,53,,
2590,US,1178,26,,
2591,US,18911,288,,
2592,US,4429,85,,
2593,US,1085,5,,
2594,US,2619,55,,
2595,US,2226,43,,
2596,US,2155,20,,
2597,US,4730,97,,
2598,US,1791,44,,
2599,US,3385,42,,
2600,US,9301,154,,
2601,US,18022,324,,
2602,US,10092,160,,
2603,US,22227,260,,
2604,US,9483,110,,
2605,US,685,5,,
2606,US,5225,56,,
2607,US,2190,30,,
2608,US,19733,307,,
2609,US,4747,89,,
2610,US,2617,34,,
2611,US,1487,31,,
2612,US,820,18,,
2613,US,11628,228,,
2614,US,6414,152,,
2615,US,9443,128,,
2616,US,29950,317,,
2617,US,1574,16,,
2618,US,2159,10,,
2619,US,16951,196,,
2620,US,4163,39,,
2621,US,6337,139,,
2622,US,25640,229,,
2623,US,5682,113,,
2624,US,36790,401,,
2625,US,7045,54,,
2626,US,27087,444,,
2627,US,748,13,,
2628,US,642,12,,
2629,US,5984,83,,
2630,US,2411,47,,
2631,US,48433,719,,
2632,US,5669,112,,
2633,US,11955,180,,
2634,US,4488,96,,
2635,US,10286,165,,
2636,US,2113,64,,
2637,US,4859,56,,
2638,US,671,9,,
2639,US,19178,225,,
2640,US,3653,56,,
2641,US,22115,234,,
2642,US,897,28,,
2643,US,6127,81,,
2644,US,6223,121,,
2645,US,10253,86,,
2646,US,3158,41,,
2647,US,1605,42,,
2648,US,2293,45,,
2649,US,5300,63,,
2650,US,113911,972,,
2651,US,1475,16,,
2652,US,3369,96,,
2653,US,9004,192,,
2654,US,11643,196,,
2655,US,19492,174,,
2656,US,1894,60,,
2657,US,17668,149,,
2658,US,8577,101,,
2659,US,1121,13,,
2660,US,3438,85,,
2661,US,5542,69,,
2662,US,1029,12,,
2663,US,3469,71,,
2664,US,20376,96,,
2665,US,1500,30,,
2666,US,15259,231,,
2667,US,4774,97,,
2668,US,16725,252,,
2669,US,7939,135,,
2670,US,17127,311,,
2671,US,7420,216,,
2672,US,8068,113,,
2673,US,3874,88,,
2674,US,7929,137,,
2675,US,4208,79,,
2676,US,8383,167,,
2677,US,1213,17,,
2678,US,2383,33,,
2679,US,325,6,,
2680,US,0,0,,
2681,US,24768,225,,
2682,US,4988,88,,
2683,US,89185,730,,
2684,US,1809,20,,
2685,US,1125,31,,
2686,US,4932,32,,
2687,US,11400,246,,
2688,US,6891,115,,
2689,US,9819,181,,
2690,US,4124,54,,
2691,US,1638,28,,
2692,US,270,3,,
2693,US,1423,31,,
2694,US,1101,19,,
2695,US,54,0,,
2696,US,724,20,,
2697,US,404,5,,
2698,US,248,3,,
2699,US,15994,193,,
2700,US,24733,209,,
2701,US,432,5,,
2702,US,799,33,,
2703,US,187,2,,
2704,US,394,7,,
2705,US,471,6,,
2706,US,438,13,,
2707,US,600,19,,
2708,US,261,3,,
2709,US,10704,79,,
2710,US,211,7,,
2711,US,330,2,,
2712,US,332,4,,
2713,US,275,10,,
2714,US,536,17,,
2715,US,265,10,,
2716,US,654,23,,
2717,US,353,7,,
2718,US,1440,13,,
2719,US,1289,30,,
2720,US,1162,10,,
2721,US,5339,101,,
2722,US,1373,18,,
2723,US,479,15,,
2724,US,158,3,,
2725,US,822,11,,
2726,US,550,25,,
2727,US,1728,30,,
2728,US,700,17,,
2729,US,322,14,,
2730,US,2027,17,,
2731,US,2160,28,,
2732,US,501,7,,
2733,US,122,2,,
2734,US,664,12,,
2735,US,32,0,,
2736,US,4931,51,,
2737,US,193,2,,
2738,US,3542,81,,
2739,US,326,11,,
2740,US,1052,18,,
2741,US,0,31,,
2742,US,1913,27,,
2743,US,9951,199,,
2744,US,458,8,,
2745,US,5005,40,,
2746,US,183,2,,
2747,US,2428,56,,
2748,US,11905,239,,
2749,US,4351,97,,
2750,US,7137,179,,
2751,US,5233,60,,
2752,US,5015,87,,
2753,US,6149,174,,
2754,US,4019,61,,
2755,US,38901,603,,
2756,US,1967,48,,
2757,US,3436,58,,
2758,US,14219,306,,
2759,US,20097,252,,
2760,US,3784,66,,
2761,US,9020,230,,
2762,US,2683,59,,
2763,US,4033,110,,
2764,US,115597,2204,,
2765,US,5415,129,,
2766,US,4317,98,,
2767,US,18817,135,,
2768,US,8052,164,,
2769,US,16561,204,,
2770,US,2854,50,,
2771,US,128492,1459,,
2772,US,4318,71,,
2773,US,2404,50,,
2774,US,6832,150,,
2775,US,15252,246,,
2776,US,3241,53,,
2777,US,81299,1245,,
2778,US,6996,131,,
2779,US,2748,65,,
2780,US,1136,38,,
2781,US,2732,67,,
2782,US,3592,65,,
2783,US,2201,62,,
2784,US,2698,101,,
2785,US,5539,122,,
2786,US,3173,54,,
2787,US,5669,158,,
2788,US,4567,112,,
2789,US,21135,385,,
2790,US,5722,102,,
2791,US,16645,222,,
2792,US,3872,77,,
2793,US,25641,502,,
2794,US,43303,817,,
2795,US,4437,65,,
2796,US,22330,601,,
2797,US,8635,138,,
2798,US,15593,270,,
2799,US,1482,40,,
2800,US,4873,85,,
2801,US,10835,223,,
2802,US,1361,44,,
2803,US,52482,1040,,
2804,US,1096,24,,
2805,US,2913,40,,
2806,US,8889,135,,
2807,US,1358,39,,
2808,US,3726,81,,
2809,US,1763,42,,
2810,US,2971,50,,
2811,US,8649,122,,
2812,US,2427,35,,
2813,US,13226,214,,
2814,US,3847,103,,
2815,US,4333,103,,
2816,US,11598,211,,
2817,US,6933,161,,
2818,US,5436,125,,
2819,US,6528,104,,
2820,US,5343,126,,
2821,US,4761,95,,
2822,US,33286,929,,
2823,US,48339,999,,
2824,US,16522,479,,
2825,US,8633,247,,
2826,US,0,3,,
2827,US,5838,49,,
2828,US,2472,64,,
2829,US,854,17,,
2830,US,24557,303,,
2831,US,5308,109,,
2832,US,9116,222,,
2833,US,3475,78,,
2834,US,13280,197,,
2835,US,2345,56,,
2836,US,3198,43,,
2837,US,1154,7,,
2838,US,1878,26,,
2839,US,475,6,,
2840,US,2899,58,,
2841,US,1047,20,,
2842,US,6127,78,,
2843,US,3982,96,,
2844,US,17392,185,,
2845,US,6187,126,,
2846,US,5653,78,,
2847,US,1621,27,,
2848,US,214,2,,
2849,US,31286,435,,
2850,US,701,15,,
2851,US,14017,195,,
2852,US,695,16,,
2853,US,2000,18,,
2854,US,7024,165,,
2855,US,4084,104,,
2856,US,4687,94,,
2857,US,553,14,,
2858,US,357,6,,
2859,US,7815,139,,
2860,US,3622,79,,
2861,US,5983,129,,
2862,US,549,7,,
2863,US,584,22,,
2864,US,327,6,,
2865,US,420,8,,
2866,US,1256,17,,
2867,US,1243,29,,
2868,US,3131,56,,
2869,US,704,16,,
2870,US,1380,37,,
2871,US,5342,128,,
2872,US,2058,41,,
2873,US,819,26,,
2874,US,843,13,,
2875,US,5635,67,,
2876,US,3258,72,,
2877,US,4305,65,,
2878,US,1504,22,,
2879,US,955,24,,
2880,US,2048,23,,
2881,US,4259,72,,
2882,US,5325,73,,
2883,US,3986,94,,
2884,US,2015,61,,
2885,US,2026,44,,
2886,US,9371,176,,
2887,US,1380,20,,
2888,US,1151,20,,
2889,US,1797,32,,
2890,US,87523,1301,,
2891,US,3834,81,,
2892,US,4783,78,,
2893,US,3972,70,,
2894,US,0,0,,
2895,US,1793,52,,
2896,US,8712,76,,
2897,US,4657,78,,
2898,US,5164,80,,
2899,US,8400,131,,
2900,US,1011,22,,
2901,US,390,12,,
2902,US,10601,193,,
2903,US,2882,78,,
2904,US,4154,56,,
2905,US,4899,106,,
2906,US,3535,34,,
2907,US,803,17,,
2908,US,75531,1113,,
2909,US,506,0,,
2910,US,8199,121,,
2911,US,5250,117,,
2912,US,1087,23,,
2913,US,1216,18,,
2914,US,3170,36,,
2915,US,992,15,,
2916,US,3239,22,,
2917,US,18748,234,,
2918,US,1026,8,,
2919,US,1886,29,,
2920,US,2157,37,,
2921,US,1274,23,,
2922,US,685,10,,
2923,US,9931,80,,
2924,US,3785,80,,
2925,US,75,1,,
2926,US,547,7,,
2927,US,414,9,,
2928,US,1216,33,,
2929,US,11420,146,,
2930,US,2357,38,,
2931,US,3529,72,,
2932,US,4753,77,,
2933,US,466,7,,
2934,US,13772,158,,
2935,US,1412,21,,
2936,US,5504,79,,
2937,US,3597,63,,
2938,US,23258,322,,
2939,US,1150,16,,
2940,US,40113,612,,
2941,US,3937,55,,
2942,US,66,1,,
2943,US,660,4,,
2944,US,8517,86,,
2945,US,0,0,,
2946,US,1487,24,,
2947,US,194,5,,
2948,US,1434,29,,
2949,US,26647,247,,
2950,US,35,1,,
2951,US,4747,79,,
2952,US,9633,186,,
2953,US,101646,1999,,
2954,US,6005,148,,
2955,US,15504,387,,
2956,US,4696,140,,
2957,US,48293,1035,,
2958,US,13507,340,,
2959,US,6105,93,,
2960,US,60736,1315,,
2961,US,17564,418,,
2962,US,14754,436,,
2963,US,307,7,,
2964,US,6387,174,,
2965,US,16891,224,,
2966,US,40704,821,,
2967,US,3202,95,,
2968,US,8635,150,,
2969,US,3706,66,,
2970,US,5887,134,,
2971,US,7524,153,,
2972,US,20548,525,,
2973,US,26066,556,,
2974,US,52350,1400,,
2975,US,2868,41,,
2976,US,21171,416,,
2977,US,13337,328,,
2978,US,1433,21,,
2979,US,15414,371,,
2980,US,1364,15,,
2981,US,3338,40,,
2982,US,5141,135,,
2983,US,6393,177,,
2984,US,3340,99,,
2985,US,2136,87,,
2986,US,18499,480,,
2987,US,55311,1158,,
2988,US,7637,212,,
2989,US,16171,293,,
2990,US,39774,861,,
2991,US,32008,821,,
2992,US,11918,291,,
2993,US,3805,73,,
2994,US,9672,261,,
2995,US,5423,179,,
2996,US,14775,321,,
2997,US,70289,1729,,
2998,US,2024,67,,
2999,US,35797,715,,
3000,US,9691,356,,
3001,US,3846,100,,
3002,US,153888,3726,,
3003,US,4016,54,,
3004,US,1203,25,,
3005,US,14771,411,,
3006,US,3672,85,,
3007,US,8034,216,,
3008,US,439,20,,
3009,US,2652,62,,
3010,US,3098,110,,
3011,US,0,0,,
3012,US,6150,89,,
3013,US,4084,99,,
3014,US,2636,103,,
3015,US,17863,303,,
3016,US,4127,82,,
3017,US,34290,770,,
3018,US,1992,54,,
3019,US,46859,821,,
3020,US,467,0,,
3021,US,1327,0,,
3022,US,1524,0,,
3023,US,1199,0,,
3024,US,672,0,,
3025,US,797,0,,
3026,US,2971,0,,
3027,US,298,0,,
3028,US,768,0,,
3029,US,1224,0,,
3030,US,10321,0,,
3031,US,915,0,,
3032,US,6265,0,,
3033,US,1190,0,,
3034,US,1948,0,,
3035,US,8632,0,,
3036,US,1235,0,,
3037,US,1281,0,,
3038,US,390,0,,
3039,US,770,0,,
3040,US,1287,0,,
3041,US,872,0,,
3042,US,711,0,,
3043,US,1554,0,,
3044,US,39,0,,
3045,US,2037,0,,
3046,US,1224,0,,
3047,US,535,0,,
3048,US,229,0,,
3049,US,831,0,,
3050,US,382,0,,
3051,US,4245,0,,
3052,US,2178,0,,
3053,US,1142,0,,
3054,US,399,0,,
3055,US,2066,0,,
3056,US,1398,0,,
3057,US,366,0,,
3058,US,1120,0,,
3059,US,2261,0,,
3060,US,439,0,,
3061,US,779,0,,
3062,US,251,0,,
3063,US,1624,0,,
3064,US,1274,0,,
3065,US,748,0,,
3066,US,1427,0,,
3067,US,104,0,,
3068,US,365,0,,
3069,US,1933,0,,
3070,US,1397,0,,
3071,US,1462,0,,
3072,US,1063,0,,
3073,US,1562,0,,
3074,US,891,0,,
3075,US,294,0,,
3076,US,360,0,,
3077,US,565,0,,
3078,US,3390,0,,
3079,US,904,0,,
3080,US,540,0,,
3081,US,2134,0,,
3082,US,388,0,,
3083,US,743,0,,
3084,US,616,0,,
3085,US,18363,0,,
3086,US,1745,0,,
3087,US,1313,0,,
3088,US,469,0,,
3089,US,3923,0,,
3090,US,3868,0,,
3091,US,2980,0,,
3092,US,4019,2530,,
3093,US,896,0,,
3094,US,1765,0,,
3095,US,2936,0,,
3096,US,121,0,,
3097,US,748,0,,
3098,US,1119,0,,
3099,US,835,0,,
3100,US,0,0,,
3101,US,5175,145,,
3102,US,18778,365,,
3103,US,6941,41,,
3104,US,99179,1987,,
3105,US,12060,13,,
3106,US,10080,171,,
3107,US,2599,41,,
3108,US,17511,226,,
3109,US,951,15,,
3110,US,23261,532,,
3111,US,1598,52,,
3112,US,2606,57,,
3113,US,17091,209,,
3114,US,17936,203,,
3115,US,1338,37,,
3116,US,43881,511,,
3117,US,6164,157,,
3118,US,4274,76,,
3119,US,4907,107,,
3120,US,3470,114,,
3121,US,3685,129,,
3122,US,8595,180,,
3123,US,4417,85,,
3124,US,18291,223,,
3125,US,3169,43,,
3126,US,2416,83,,
3127,US,17924,421,,
3128,US,6787,140,,
3129,US,75401,1029,,
3130,US,8279,172,,
3131,US,1927,52,,
3132,US,39493,581,,
3133,US,2419,48,,
3134,US,7552,141,,
3135,US,10908,170,,
3136,US,7529,172,,
3137,US,1933,64,,
3138,US,33697,484,,
3139,US,3551,107,,
3140,US,3493,57,,
3141,US,1032,28,,
3142,US,5093,108,,
3143,US,9906,137,,
3144,US,9880,254,,
3145,US,19093,304,,
3146,US,47336,575,,
3147,US,1813,48,,
3148,US,41919,823,,
3149,US,10528,210,,
3150,US,0,0,,
3151,US,3170,83,,
3152,US,4114,101,,
3153,US,31940,391,,
3154,US,475,15,,
3155,US,2966,40,,
3156,US,392,9,,
3157,US,1554,28,,
3158,US,4234,37,,
3159,US,5635,95,,
3160,US,718,10,,
3161,US,426,13,,
3162,US,1084,20,,
3163,US,131,4,,
3164,US,1383,22,,
3165,US,463,5,,
3166,US,1933,15,,
3167,US,4650,83,,
3168,US,483,12,,
3169,US,876,13,,
3170,US,3246,66,,
3171,US,709,29,,
3172,US,531,9,,
3173,US,1478,29,,
3174,US,456,9,,
3175,US,514,14,,
3176,US,604,16,,
3177,US,373,13,,
3178,US,1057,42,,
3179,US,586,30,,
3180,US,266,10,,
3181,US,800,39,,
3182,US,364,6,,
3183,US,392,4,,
3184,US,97,1,,
3185,US,2523,41,,
3186,US,918,28,,
3187,US,141,1,,
3188,US,291,14,,
3189,US,281,16,,
3190,US,95,0,,
3191,US,819,18,,
3192,US,1388,20,,
3193,US,3007,48,,
3194,US,8715,78,,
3195,US,659,11,,
3196,US,375,6,,
3197,US,811,25,,
3198,US,247,4,,
3199,US,2794,31,,
3200,US,260,2,,
3201,US,307,10,,
3202,US,31748,363,,
3203,US,666,20,,
3204,US,2119,49,,
3205,US,13874,202,,
3206,US,359,14,,
3207,US,391,4,,
3208,US,1378,41,,
3209,US,345,3,,
3210,US,846,26,,
3211,US,354,2,,
3212,US,145,3,,
3213,US,1235,33,,
3214,US,756,17,,
3215,US,1182,57,,
3216,US,0,0,,
3217,US,2227,43,,
3218,US,772,15,,
3219,US,3112,34,,
3220,US,344,9,,
3221,US,8847,172,,
3222,US,6694,131,,
3223,US,1687,42,,
3224,US,2198,11,,
3225,US,15813,196,,
3226,US,15298,153,,
3227,US,4205,63,,
3228,US,1942,32,,
3229,US,3715,83,,
3230,US,6717,159,,
3231,US,4662,56,,
3232,US,2183,51,,
3233,US,3226,74,,
3234,US,1107,31,,
3235,US,4548,100,,
3236,US,6987,125,,
3237,US,2063,50,,
3238,US,6868,140,,
3239,US,90563,960,,
3240,US,2859,55,,
3241,US,1620,39,,
3242,US,7073,116,,
3243,US,5510,108,,
3244,US,5176,84,,
3245,US,2516,49,,
3246,US,5230,91,,
3247,US,6677,148,,
3248,US,4040,100,,
3249,US,2663,49,,
3250,US,8002,159,,
3251,US,1802,35,,
3252,US,8690,174,,
3253,US,45165,504,,
3254,US,607,13,,
3255,US,3562,65,,
3256,US,3607,69,,
3257,US,6325,113,,
3258,US,2717,62,,
3259,US,3868,78,,
3260,US,3381,76,,
3261,US,2885,47,,
3262,US,1119,33,,
3263,US,1927,28,,
3264,US,1354,36,,
3265,US,6326,127,,
3266,US,2439,39,,
3267,US,51983,642,,
3268,US,1728,27,,
3269,US,3272,48,,
3270,US,6105,94,,
3271,US,1618,26,,
3272,US,4394,67,,
3273,US,6260,70,,
3274,US,3671,78,,
3275,US,11545,244,,
3276,US,3217,47,,
3277,US,4306,60,,
3278,US,13721,178,,
3279,US,6612,101,,
3280,US,2871,55,,
3281,US,1420,25,,
3282,US,6015,97,,
3283,US,20907,231,,
3284,US,1024,17,,
3285,US,2533,38,,
3286,US,4623,97,,
3287,US,18085,100,,
3288,US,3059,61,,
3289,US,1076,28,,
3290,US,764,24,,
3291,US,2112,25,,
3292,US,11904,180,,
3293,US,4402,75,,
3294,US,6362,105,,
3295,US,9929,132,,
3296,US,43601,444,,
3297,US,3219,45,,
3298,US,1745,29,,
3299,US,13549,176,,
3300,US,98137,1671,,
3301,US,2812,40,,
3302,US,1367,28,,
3303,US,17280,304,,
3304,US,24449,352,,
3305,US,7465,105,,
3306,US,2537,22,,
3307,US,12679,101,,
3308,US,2057,49,,
3309,US,1959,34,,
3310,US,866,23,,
3311,US,5610,86,,
3312,US,14842,251,,
3313,US,2996,35,,
3314,US,4220,67,,
3315,US,3811,74,,
3316,US,28595,221,,
3317,US,19308,243,,
3318,US,6251,130,,
3319,US,1837,47,,
3320,US,8680,286,,
3321,US,1270,41,,
3322,US,812,12,,
3323,US,204,6,,
3324,US,5863,151,,
3325,US,2216,37,,
3326,US,847,19,,
3327,US,1452,28,,
3328,US,9658,99,,
3329,US,300,13,,
3330,US,3511,74,,
3331,US,24857,441,,
3332,US,224667,3596,,
3333,US,763,21,,
3334,US,30,2,,
3335,US,1692,35,,
3336,US,7130,223,,
3337,US,38437,526,,
3338,US,27779,256,,
3339,US,940,16,,
3340,US,167,6,,
3341,US,846,36,,
3342,US,4328,120,,
3343,US,2456,48,,
3344,US,4827,66,,
3345,US,5728,99,,
3346,US,2471,25,,
3347,US,1210,40,,
3348,US,41590,1647,,
3349,US,1264,44,,
3350,US,575,14,,
3351,US,1975,83,,
3352,US,1043,32,,
3353,US,5170,29,,
3354,US,4280,144,,
3355,US,1382,17,,
3356,US,1039,16,,
3357,US,326,15,,
3358,US,469,13,,
3359,US,755,33,,
3360,US,92251,838,,
3361,US,329,9,,
3362,US,1747,32,,
3363,US,11045,303,,
3364,US,1563,51,,
3365,US,474,8,,
3366,US,3793,72,,
3367,US,7323,87,,
3368,US,191,7,,
3369,US,540,12,,
3370,US,592,15,,
3371,US,700,29,,
3372,US,367,11,,
3373,US,989,26,,
3374,US,304502,4097,,
3375,US,1740,69,,
3376,US,1982,60,,
3377,US,2908,68,,
3378,US,323,12,,
3379,US,76479,772,,
3380,US,187,10,,
3381,US,2400,37,,
3382,US,420,15,,
3383,US,1274,41,,
3384,US,1368,50,,
3385,US,17470,377,,
3386,US,253,6,,
3387,US,136338,2724,,
3388,US,23164,322,,
3389,US,4229,70,,
3390,US,2103,32,,
3391,US,3478,109,,
3392,US,2748,67,,
3393,US,306,14,,
3394,US,894,30,,
3395,US,124,10,,
3396,US,69379,690,,
3397,US,739,26,,
3398,US,1964,50,,
3399,US,2973,52,,
3400,US,1460,45,,
3401,US,40730,436,,
3402,US,526,22,,
3403,US,2617,51,,
3404,US,105,2,,
3405,US,478,14,,
3406,US,2768,57,,
3407,US,2440,57,,
3408,US,11374,344,,
3409,US,11375,359,,
3410,US,3782,72,,
3411,US,15447,222,,
3412,US,6161,156,,
3413,US,496,14,,
3414,US,783,27,,
3415,US,929,24,,
3416,US,384,12,,
3417,US,5971,113,,
3418,US,403188,6512,,
3419,US,4935,110,,
3420,US,661,2,,
3421,US,457,27,,
3422,US,21027,254,,
3423,US,585,3,,
3424,US,6009,194,,
3425,US,92215,2890,,
3426,US,4543,109,,
3427,US,2995,103,,
3428,US,6613,133,,
3429,US,3184,114,,
3430,US,1686,58,,
3431,US,4689,101,,
3432,US,538,12,,
3433,US,6168,178,,
3434,US,2216,72,,
3435,US,129,1,,
3436,US,605,16,,
3437,US,1880,31,,
3438,US,2523,93,,
3439,US,193,5,,
3440,US,19820,437,,
3441,US,620,16,,
3442,US,4367,106,,
3443,US,20042,374,,
3444,US,2608,55,,
3445,US,2373,37,,
3446,US,16375,263,,
3447,US,3355,72,,
3448,US,39,2,,
3449,US,106,2,,
3450,US,4598,89,,
3451,US,292,6,,
3452,US,11,0,,
3453,US,351,6,,
3454,US,2678,93,,
3455,US,263,17,,
3456,US,996,29,,
3457,US,5922,156,,
3458,US,2439,83,,
3459,US,2203,33,,
3460,US,2524,76,,
3461,US,2217,39,,
3462,US,1649,43,,
3463,US,8048,190,,
3464,US,2818,80,,
3465,US,350,12,,
3466,US,1138,22,,
3467,US,1690,52,,
3468,US,2,0,,
3469,US,49413,795,,
3470,US,625,23,,
3471,US,1988,30,,
3472,US,546,33,,
3473,US,641,19,,
3474,US,423,6,,
3475,US,4248,114,,
3476,US,11182,358,,
3477,US,588,20,,
3478,US,27640,478,,
3479,US,84,5,,
3480,US,4722,106,,
3481,US,212,9,,
3482,US,17748,272,,
3483,US,2555,49,,
3484,US,659,21,,
3485,US,609,31,,
3486,US,2116,72,,
3487,US,55036,598,,
3488,US,2754,73,,
3489,US,883,34,,
3490,US,117,8,,
3491,US,4614,172,,
3492,US,5900,144,,
3493,US,637,38,,
3494,US,1547,52,,
3495,US,43566,834,,
3496,US,1192,27,,
3497,US,288,4,,
3498,US,8768,153,,
3499,US,2923,76,,
3500,US,1642,75,,
3501,US,16030,187,,
3502,US,1307,35,,
3503,US,1676,34,,
3504,US,3402,120,,
3505,US,17595,458,,
3506,US,819,24,,
3507,US,814,26,,
3508,US,16979,288,,
3509,US,384,8,,
3510,US,312,13,,
3511,US,703,38,,
3512,US,1950,44,,
3513,US,685,23,,
3514,US,63,1,,
3515,US,2201,43,,
3516,US,11748,157,,
3517,US,1301,39,,
3518,US,4055,108,,
3519,US,524,45,,
3520,US,585,32,,
3521,US,1375,39,,
3522,US,4469,151,,
3523,US,781,23,,
3524,US,243,6,,
3525,US,2429,62,,
3526,US,276,5,,
3527,US,1721,70,,
3528,US,235,12,,
3529,US,20588,485,,
3530,US,1084,14,,
3531,US,9536,302,,
3532,US,802,26,,
3533,US,108,4,,
3534,US,157,6,,
3535,US,476,8,,
3536,US,896,18,,
3537,US,261854,3538,,
3538,US,15874,413,,
3539,US,74,2,,
3540,US,1702,56,,
3541,US,73,5,,
3542,US,3745,84,,
3543,US,16919,272,,
3544,US,84104,1033,,
3545,US,798,27,,
3546,US,1335,42,,
3547,US,0,0,,
3548,US,3318,76,,
3549,US,374,10,,
3550,US,3602,73,,
3551,US,7945,223,,
3552,US,4419,122,,
3553,US,9193,220,,
3554,US,8749,131,,
3555,US,4147,50,,
3556,US,1212,24,,
3557,US,4202,94,,
3558,US,46724,794,,
3559,US,4235,117,,
3560,US,569,12,,
3561,US,15170,379,,
3562,US,1932,55,,
3563,US,3106,90,,
3564,US,47206,482,,
3565,US,4684,69,,
3566,US,774,21,,
3567,US,7450,123,,
3568,US,3481,129,,
3569,US,877,27,,
3570,US,2183,45,,
3571,US,1788,36,,
3572,US,1875,41,,
3573,US,22177,106,,
3574,US,9093,68,,
3575,US,39154,174,,
3576,US,151991,896,,
3577,US,1923,37,,
3578,US,3674,28,,
3579,US,29453,276,,
3580,US,5590,13,,
3581,US,7543,44,,
3582,US,4334,38,,
3583,US,944,0,,
3584,US,97617,400,,
3585,US,4689,22,,
3586,US,31376,221,,
3587,US,1062,8,,
3588,US,2046,15,,
3589,US,1073,7,,
3590,US,7510,104,,
3591,US,295,2,,
3592,US,2029,39,,
3593,US,217,2,,
3594,US,888,3,,
3595,US,821,3,,
3596,US,1292,11,,
3597,US,2280,20,,
3598,US,21,0,,
3599,US,1897,15,,
3600,US,1387,14,,
3601,US,1502,13,,
3602,US,3690,28,,
3603,US,2867,45,,
3604,US,5808,84,,
3605,US,11854,137,,
3606,US,1368,49,,
3607,US,927,34,,
3608,US,2975,40,,
3609,US,1621,26,,
3610,US,15292,257,,
3611,US,5963,75,,
3612,US,271,11,,
3613,US,6638,109,,
3614,US,683,10,,
3615,US,2577,38,,
3616,US,1578,36,,
3617,US,1337,24,,
3618,US,1509,45,,
3619,US,2142,32,,
3620,US,927,22,,
3621,US,4583,88,,
3622,US,2674,38,,
3623,US,2718,78,,
3624,US,507,16,,
3625,US,870,21,,
3626,US,4024,57,,
3627,US,21164,304,,
3628,US,28196,444,,
3629,US,991,20,,
3630,US,1717,62,,
3631,US,612,14,,
3632,US,323,6,,
3633,US,4696,67,,
3634,US,508,10,,
3635,US,4490,141,,
3636,US,956,18,,
3637,US,2140,45,,
3638,US,673,42,,
3639,US,782,10,,
3640,US,77023,1105,,
3641,US,567,20,,
3642,US,429,8,,
3643,US,4756,69,,
3644,US,880,23,,
3645,US,1925,20,,
3646,US,4093,80,,
3647,US,1136,33,,
3648,US,8090,102,,
3649,US,2146,25,,
3650,US,1170,53,,
3651,US,1314,22,,
3652,US,2260,49,,
3653,US,1468,23,,
3654,US,1504,37,,
3655,US,1297,18,,
3656,US,1590,26,,
3657,US,2834,78,,
3658,US,10689,180,,
3659,US,8219,166,,
3660,US,6513,95,,
3661,US,25601,625,,
3662,US,4671,124,,
3663,US,110,1,,
3664,US,2632,79,,
3665,US,3171,70,,
3666,US,4659,72,,
3667,US,1739,20,,
3668,US,1248,14,,
3669,US,410,8,,
3670,US,718,17,,
3671,US,2432,49,,
3672,US,1207,32,,
3673,US,28015,281,,
3674,US,2008,34,,
3675,US,790,14,,
3676,US,7839,154,,
3677,US,592,14,,
3678,US,4309,47,,
3679,US,1219,11,,
3680,US,1622,78,,
3681,US,599,12,,
3682,US,2348,67,,
3683,US,573,20,,
3684,US,9416,96,,
3685,US,894,13,,
3686,US,1522,18,,
3687,US,14266,235,,
3688,US,17962,267,,
3689,US,807,36,,
3690,US,745,20,,
3691,US,290,7,,
3692,US,1924,48,,
3693,US,2240,39,,
3694,US,2119,58,,
3695,US,1390,43,,
3696,US,3934,87,,
3697,US,5590,82,,
3698,US,896,18,,
3699,US,9165,202,,
3700,US,1922,17,,
3701,US,2171,35,,
3702,US,3638,32,,
3703,US,45585,503,,
3704,US,2696,62,,
3705,US,2171,19,,
3706,US,346,2,,
3707,US,1522,15,,
3708,US,17136,271,,
3709,US,8377,146,,
3710,US,8567,196,,
3711,US,1556,46,,
3712,US,6847,112,,
3713,US,2305,39,,
3714,US,2207,50,,
3715,US,1861,60,,
3716,US,4315,134,,
3717,US,2975,96,,
3718,US,1985,57,,
3719,US,10164,124,,
3720,US,11458,82,,
3721,US,2527,71,,
3722,US,7996,191,,
3723,US,423,9,,
3724,US,1201,22,,
3725,US,3723,74,,
3726,US,0,0,,
3727,US,36274,411,,
3728,US,3090,59,,
3729,US,4994,110,,
3730,US,2395,38,,
3731,US,1310,27,,
3732,US,769,13,,
3733,US,2936,47,,
3734,US,3267,102,,
3735,US,2710,81,,
3736,US,3789,55,,
3737,US,2212,24,,
3738,US,1491,29,,
3739,US,17514,222,,
3740,US,6860,67,,
3741,US,1381,12,,
3742,US,25518,282,,
3743,US,128,6,,
3744,US,6433,85,,
3745,US,3656,23,,
3746,US,394,8,,
3747,US,12673,114,,
3748,US,126,5,,
3749,US,9234,81,,
3750,US,4528,74,,
3751,US,1822,29,,
3752,US,428,4,,
3753,US,111022,1614,,
3754,US,8628,114,,
3755,US,3234,33,,
3756,US,831,10,,
3757,US,5180,73,,
3758,US,661,10,,
3759,US,2881,37,,
3760,US,2716,41,,
3761,US,991,12,,
3762,US,817,9,,
3763,US,56215,663,,
3764,US,186,0,,
3765,US,5972,74,,
3766,US,372,1,,
3767,US,39545,587,,
3768,US,46100,668,,
3769,US,2346,28,,
3770,US,10713,109,,
3771,US,1537,3,,
3772,US,152,1,,
3773,US,5237,67,,
3774,US,9713,99,,
3775,US,4306,50,,
3776,US,30413,447,,
3777,US,1511,31,,
3778,US,12775,129,,
3779,US,2167,36,,
3780,US,998,3,,
3781,US,2241,60,,
3782,US,8848,177,,
3783,US,378,1,,
3784,US,542,10,,
3785,US,632,6,,
3786,US,3536,79,,
3787,US,875,6,,
3788,US,1305,27,,
3789,US,2875,61,,
3790,US,1915,36,,
3791,US,2837,89,,
3792,US,1562,24,,
3793,US,6118,80,,
3794,US,2223,61,,
3795,US,4767,56,,
3796,US,15420,352,,
3797,US,1274,21,,
3798,US,1577,24,,
3799,US,3263,95,,
3800,US,4618,51,,
3801,US,3531,78,,
3802,US,2042,37,,
3803,US,1610,26,,
3804,US,5100,121,,
3805,US,2969,91,,
3806,US,2714,42,,
3807,US,9377,90,,
3808,US,1197,17,,
3809,US,1223,22,,
3810,US,1883,21,,
3811,US,4303,87,,
3812,US,723,11,,
3813,US,959,12,,
3814,US,681,12,,
3815,US,2951,46,,
3816,US,5304,94,,
3817,US,7012,92,,
3818,US,2828,15,,
3819,US,754,11,,
3820,US,653,9,,
3821,US,856,22,,
3822,US,1266,24,,
3823,US,545,10,,
3824,US,738,12,,
3825,US,0,0,,
3826,US,1952,33,,
3827,US,3181,41,,
3828,US,543,8,,
3829,US,1382,31,,
3830,US,454,4,,
3831,US,7918,176,,
3832,US,2033,39,,
3833,US,1962,19,,
3834,US,1396,15,,
3835,US,6043,84,,
3836,US,1293,20,,
3837,US,35613,296,,
3838,US,1419,7,,
3839,US,1581,25,,
3840,US,6525,56,,
3841,US,7695,96,,
3842,US,3699,65,,
3843,US,5911,71,,
3844,US,1798,19,,
3845,US,46653,335,,
3846,US,12938,195,,
3847,US,2851,30,,
3848,US,4992,63,,
3849,US,5103,33,,
3850,US,11963,121,,
3851,US,507,13,,
3852,US,13848,135,,
3853,US,1043,26,,
3854,US,5750,93,,
3855,US,3651,25,,
3856,US,2063,23,,
3857,US,2149,14,,
3858,US,703,40,,
3859,US,2716,29,,
3860,US,9668,134,,
3861,US,3345,31,,
3862,US,18725,334,,
3863,US,2722,36,,
3864,US,13565,89,,
3865,US,1729,10,,
3866,US,2202,50,,
3867,US,3286,95,,
3868,US,8919,91,,
3869,US,16404,226,,
3870,US,4708,73,,
3871,US,1598,28,,
3872,US,813,11,,
3873,US,117517,1410,,
3874,US,4731,42,,
3875,US,5101,68,,
3876,US,3816,77,,
3877,US,23876,238,,
3878,US,9283,102,,
3879,US,891,7,,
3880,US,4988,43,,
3881,US,4826,63,,
3882,US,7434,72,,
3883,US,1346,7,,
3884,US,25293,392,,
3885,US,1401,16,,
3886,US,18342,206,,
3887,US,1449,20,,
3888,US,6227,56,,
3889,US,1846,28,,
3890,US,5333,85,,
3891,US,14796,163,,
3892,US,9798,67,,
3893,US,2136,35,,
3894,US,3666,47,,
3895,US,0,0,,
3896,US,2019,43,,
3897,US,2435,45,,
3898,US,12477,165,,
3899,US,1592,23,,
3900,US,16903,185,,
3901,US,49173,620,,
3902,US,6089,167,,
3903,US,2577,38,,
3904,US,21468,224,,
3905,US,7697,103,,
3906,US,4564,15,,
3907,US,1197,34,,
3908,US,5125,60,,
3909,US,1619,23,,
3910,US,1026,17,,
3911,US,452,12,,
3912,US,5273,84,,
3913,US,1230,24,,
3914,US,370,3,,
3915,US,733,10,,
3916,US,9876,117,,
3917,US,1415,12,,
3918,US,8169,138,,
3919,US,162,2,,
3920,US,2878,30,,
3921,US,670,11,,
3922,US,3246,31,,
3923,US,801,7,,
3924,US,4636,39,,
3925,US,3794,11,,
3926,US,2298,13,,
3927,US,0,0,,
3928,US,924,26,,
3929,US,656,6,,
3930,Uganda,61977,428,48160.0,13389.0
3931,Ukraine,81334,1281,77837.0,2216.0
3932,Ukraine,57336,1327,55103.0,906.0
3933,Ukraine,79690,1785,77142.0,763.0
3934,Ukraine,44905,1415,41630.0,1860.0
3935,Ukraine,134912,4366,127347.0,3199.0
3936,Ukraine,90129,2310,86535.0,1284.0
3937,Ukraine,86543,2082,83370.0,1091.0
3938,Ukraine,147896,3428,140968.0,3500.0
3939,Ukraine,35418,1109,32974.0,1335.0
3940,Ukraine,88530,1845,85571.0,1114.0
3941,Ukraine,210849,5152,195089.0,10608.0
3942,Ukraine,126673,2720,121798.0,2155.0
3943,Ukraine,20491,827,18440.0,1224.0
3944,Ukraine,26386,919,24753.0,714.0
3945,Ukraine,136952,3618,131181.0,2153.0
3946,Ukraine,69441,1822,66894.0,725.0
3947,Ukraine,140133,2940,134493.0,2700.0
3948,Ukraine,77476,1830,74680.0,966.0
3949,Ukraine,79161,1196,76851.0,1114.0
3950,Ukraine,15283,701,13949.0,633.0
3951,Ukraine,77511,1301,74972.0,1238.0
3952,Ukraine,69882,1189,67650.0,1043.0
3953,Ukraine,70868,1683,68579.0,606.0
3954,Ukraine,61865,1177,59714.0,974.0
3955,Ukraine,61937,1599,59574.0,764.0
3956,Ukraine,104002,2400,100373.0,1229.0
3957,Ukraine,88143,1773,85449.0,921.0
3958,United Arab Emirates,597986,1726,577234.0,19026.0
3959,United Kingdom,109,0,109.0,0.0
3960,United Kingdom,2497,33,2455.0,9.0
3961,United Kingdom,248,1,209.0,38.0
3962,United Kingdom,592,2,578.0,12.0
3963,United Kingdom,4099,86,3956.0,57.0
3964,United Kingdom,3981497,112496,0.0,3869001.0
3965,United Kingdom,63,0,63.0,0.0
3966,United Kingdom,4312,94,4203.0,15.0
3967,United Kingdom,1599,29,1566.0,4.0
3968,United Kingdom,20,1,19.0,0.0
3969,United Kingdom,123779,2155,0.0,121624.0
3970,United Kingdom,4,0,4.0,0.0
3971,United Kingdom,246780,7681,0.0,239099.0
3972,United Kingdom,2423,18,2389.0,16.0
3973,United Kingdom,0,0,0.0,0.0
3974,United Kingdom,213757,5572,0.0,208185.0
3975,Uruguay,338513,4995,300119.0,33399.0
3976,Uzbekistan,103510,708,99416.0,3386.0
3977,Vanuatu,4,1,3.0,0.0
3978,Venezuela,251686,2829,231558.0,17299.0
3979,Vietnam,10630,59,3998.0,6573.0
3980,West Bank and Gaza,311534,3533,303813.0,4188.0
3981,Yemen,6862,1349,3743.0,1770.0
3982,Zambia,111746,1389,97756.0,12601.0
3983,Zimbabwe,39959,1632,37004.0,1323.0
